<?xml version="1.0" encoding="UTF-8"?>
<package id="1" uuid="42990572-6d7b-4fb1-a772-d3d9bb9fa47b">
  <dateCreated id="2">2016-03-02 21:56:06</dateCreated>
  <name>MCH Reports (CPN/CCR)</name>
  <description>MCH Reports (CPN/CCR)</description>
  <openmrsVersion>1.11.4  Build 6ebcaf</openmrsVersion>
  <version>1</version>
  <groupUuid>9a6ce9a3-1758-474d-9b01-3f2023bfc795</groupUuid>
  <modules id="3">
    <entry>
      <string>uilibrary</string>
      <string>1.5</string>
    </entry>
    <entry>
      <string>webservices.rest</string>
      <string>2.12-SNAPSHOT.26ea0d</string>
    </entry>
    <entry>
      <string>htmlformentry</string>
      <string>2.3</string>
    </entry>
    <entry>
      <string>patientsummary</string>
      <string>2.0</string>
    </entry>
    <entry>
      <string>calculation</string>
      <string>1.1</string>
    </entry>
    <entry>
      <string>providermanagement</string>
      <string>2.3</string>
    </entry>
    <entry>
      <string>event</string>
      <string>2.2.1</string>
    </entry>
    <entry>
      <string>bahmniapps</string>
      <string>0.74-SNAPSHOT</string>
    </entry>
    <entry>
      <string>formfilter</string>
      <string>1.0.0</string>
    </entry>
    <entry>
      <string>htmlformentry19ext</string>
      <string>1.4</string>
    </entry>
    <entry>
      <string>reference-data</string>
      <string>0.74-SNAPSHOT</string>
    </entry>
    <entry>
      <string>addresshierarchy</string>
      <string>2.4</string>
    </entry>
    <entry>
      <string>dataentrystatistics</string>
      <string>1.3.2</string>
    </entry>
    <entry>
      <string>serialization.xstream</string>
      <string>0.2.7</string>
    </entry>
    <entry>
      <string>htmlwidgets</string>
      <string>1.7.0</string>
    </entry>
    <entry>
      <string>reportingcompatibility</string>
      <string>1.5.8</string>
    </entry>
    <entry>
      <string>groovy</string>
      <string>2.2.4</string>
    </entry>
    <entry>
      <string>uiframework</string>
      <string>3.4</string>
    </entry>
    <entry>
      <string>bahmnicore</string>
      <string>0.77-SNAPSHOT</string>
    </entry>
    <entry>
      <string>patientflags</string>
      <string>1.3.4</string>
    </entry>
    <entry>
      <string>metadatamapping</string>
      <string>1.0.2</string>
    </entry>
    <entry>
      <string>appframework</string>
      <string>2.1</string>
    </entry>
    <entry>
      <string>logic</string>
      <string>0.5.2</string>
    </entry>
    <entry>
      <string>idgen-webservices</string>
      <string>1.0</string>
    </entry>
    <entry>
      <string>emrapi</string>
      <string>1.11.1</string>
    </entry>
    <entry>
      <string>openmrs-atomfeed</string>
      <string>2.4-SNAPSHOT</string>
    </entry>
    <entry>
      <string>idgen</string>
      <string>2.9.1</string>
    </entry>
    <entry>
      <string>databasebackup</string>
      <string>1.0</string>
    </entry>
    <entry>
      <string>metadatasharing</string>
      <string>1.1.9</string>
    </entry>
    <entry>
      <string>reporting</string>
      <string>0.9.8.1</string>
    </entry>
    <entry>
      <string>gaac</string>
      <string>1.0-SNAPSHOT</string>
    </entry>
  </modules>
  <items class="linked-hash-set" id="4">
    <org.openmrs.module.metadatasharing.Item id="5" uuid="fc72a1b6-0535-433c-ba7d-668a4794f859">
      <id>1285</id>
      <classname>org.openmrs.api.db.SerializedObject</classname>
      <dateChanged id="6">2016-02-11 09:30:47</dateChanged>
      <retired>false</retired>
    </org.openmrs.module.metadatasharing.Item>
    <org.openmrs.module.metadatasharing.Item id="7" uuid="7b81d1b9-257d-4046-acf0-7a2cbc17d244">
      <id>1207</id>
      <classname>org.openmrs.api.db.SerializedObject</classname>
      <dateChanged id="8">2016-02-08 13:24:29</dateChanged>
      <retired>false</retired>
    </org.openmrs.module.metadatasharing.Item>
    <org.openmrs.module.metadatasharing.Item id="9" uuid="7e15a904-07e5-4848-b495-22355abd3819">
      <id>1243</id>
      <classname>org.openmrs.api.db.SerializedObject</classname>
      <dateChanged id="10">2016-02-10 08:04:12</dateChanged>
      <retired>false</retired>
    </org.openmrs.module.metadatasharing.Item>
    <org.openmrs.module.metadatasharing.Item id="11" uuid="0ebe69f3-ad3f-407c-a8b6-31e7e7b9ad39">
      <id>1376</id>
      <classname>org.openmrs.api.db.SerializedObject</classname>
      <dateChanged id="12">2016-02-23 13:40:35</dateChanged>
      <retired>false</retired>
    </org.openmrs.module.metadatasharing.Item>
    <org.openmrs.module.metadatasharing.Item id="13" uuid="02e84188-249c-4f55-bcf8-19e8be88af1d">
      <id>1242</id>
      <classname>org.openmrs.api.db.SerializedObject</classname>
      <dateChanged id="14">2016-02-10 07:59:42</dateChanged>
      <retired>false</retired>
    </org.openmrs.module.metadatasharing.Item>
    <org.openmrs.module.metadatasharing.Item id="15" uuid="3c630692-0550-4484-bbe5-b7b12e0ecccf">
      <id>1229</id>
      <classname>org.openmrs.api.db.SerializedObject</classname>
      <dateChanged id="16">2016-02-09 12:58:28</dateChanged>
      <retired>false</retired>
    </org.openmrs.module.metadatasharing.Item>
    <org.openmrs.module.metadatasharing.Item id="17" uuid="12a128a6-36fc-490a-8641-ab9ebc3747e1">
      <id>1289</id>
      <classname>org.openmrs.api.db.SerializedObject</classname>
      <dateChanged id="18">2016-02-11 10:17:24</dateChanged>
      <retired>false</retired>
    </org.openmrs.module.metadatasharing.Item>
    <org.openmrs.module.metadatasharing.Item id="19" uuid="175302de-c00b-48fa-a942-dd66625db370">
      <id>1388</id>
      <classname>org.openmrs.api.db.SerializedObject</classname>
      <dateChanged id="20">2016-02-24 07:50:51</dateChanged>
      <retired>false</retired>
    </org.openmrs.module.metadatasharing.Item>
    <org.openmrs.module.metadatasharing.Item id="21" uuid="1d50c707-f6a7-4d7d-a4f7-f47580a036cc">
      <id>1364</id>
      <classname>org.openmrs.api.db.SerializedObject</classname>
      <dateChanged id="22">2016-02-23 10:50:24</dateChanged>
      <retired>false</retired>
    </org.openmrs.module.metadatasharing.Item>
    <org.openmrs.module.metadatasharing.Item id="23" uuid="a481356d-cd8a-4e61-a774-64ca438d62fa">
      <id>1295</id>
      <classname>org.openmrs.api.db.SerializedObject</classname>
      <dateChanged id="24">2016-02-15 08:07:46</dateChanged>
      <retired>false</retired>
    </org.openmrs.module.metadatasharing.Item>
    <org.openmrs.module.metadatasharing.Item id="25" uuid="6aedea01-aa91-42e5-ba7f-d67d514bcc89">
      <id>1390</id>
      <classname>org.openmrs.api.db.SerializedObject</classname>
      <dateChanged id="26">2016-02-24 08:28:54</dateChanged>
      <retired>false</retired>
    </org.openmrs.module.metadatasharing.Item>
    <org.openmrs.module.metadatasharing.Item id="27" uuid="ba89a112-f1e9-40db-9fd7-3c3c05095c9d">
      <id>1387</id>
      <classname>org.openmrs.api.db.SerializedObject</classname>
      <dateChanged id="28">2016-02-24 07:41:54</dateChanged>
      <retired>false</retired>
    </org.openmrs.module.metadatasharing.Item>
    <org.openmrs.module.metadatasharing.Item id="29" uuid="2e67943c-62ed-4dc9-a456-9a1e8d6ac8cd">
      <id>1306</id>
      <classname>org.openmrs.api.db.SerializedObject</classname>
      <dateChanged id="30">2016-02-19 10:35:07</dateChanged>
      <retired>false</retired>
    </org.openmrs.module.metadatasharing.Item>
    <org.openmrs.module.metadatasharing.Item id="31" uuid="8714df99-1d35-4f65-8aa0-433321743586">
      <id>1276</id>
      <classname>org.openmrs.api.db.SerializedObject</classname>
      <dateChanged id="32">2016-02-11 08:30:38</dateChanged>
      <retired>false</retired>
    </org.openmrs.module.metadatasharing.Item>
    <org.openmrs.module.metadatasharing.Item id="33" uuid="cfeb7c27-d00c-4e78-b20c-a7970dc73c30">
      <id>1367</id>
      <classname>org.openmrs.api.db.SerializedObject</classname>
      <dateChanged id="34">2016-02-23 11:58:03</dateChanged>
      <retired>false</retired>
    </org.openmrs.module.metadatasharing.Item>
    <org.openmrs.module.metadatasharing.Item id="35" uuid="742ec3f7-4780-4c49-8656-d1b433be0aac">
      <id>1365</id>
      <classname>org.openmrs.api.db.SerializedObject</classname>
      <dateChanged id="36">2016-02-23 10:53:12</dateChanged>
      <retired>false</retired>
    </org.openmrs.module.metadatasharing.Item>
    <org.openmrs.module.metadatasharing.Item id="37" uuid="eaac9e6c-5450-4368-af08-1d6b9f0717e4">
      <id>1375</id>
      <classname>org.openmrs.api.db.SerializedObject</classname>
      <dateChanged id="38">2016-02-23 13:29:09</dateChanged>
      <retired>false</retired>
    </org.openmrs.module.metadatasharing.Item>
    <org.openmrs.module.metadatasharing.Item id="39" uuid="271f32a3-1c11-46f5-b544-7041b2c12309">
      <id>1310</id>
      <classname>org.openmrs.api.db.SerializedObject</classname>
      <dateChanged id="40">2016-02-15 12:39:59</dateChanged>
      <retired>false</retired>
    </org.openmrs.module.metadatasharing.Item>
    <org.openmrs.module.metadatasharing.Item id="41" uuid="1359d13e-2228-464b-937c-656e4cb96abe">
      <id>1271</id>
      <classname>org.openmrs.api.db.SerializedObject</classname>
      <dateChanged id="42">2016-02-11 08:04:08</dateChanged>
      <retired>false</retired>
    </org.openmrs.module.metadatasharing.Item>
    <org.openmrs.module.metadatasharing.Item id="43" uuid="8e75dfaf-54e5-4b41-91a3-c2bc4f085240">
      <id>1294</id>
      <classname>org.openmrs.api.db.SerializedObject</classname>
      <dateChanged id="44">2016-02-15 08:05:44</dateChanged>
      <retired>false</retired>
    </org.openmrs.module.metadatasharing.Item>
    <org.openmrs.module.metadatasharing.Item id="45" uuid="4638c73f-9096-4818-a7f5-d20a3749e787">
      <id>1288</id>
      <classname>org.openmrs.api.db.SerializedObject</classname>
      <dateChanged id="46">2016-02-11 10:01:22</dateChanged>
      <retired>false</retired>
    </org.openmrs.module.metadatasharing.Item>
    <org.openmrs.module.metadatasharing.Item id="47" uuid="d9f21636-f3e9-4a1d-8b30-03f61e497af1">
      <id>1333</id>
      <classname>org.openmrs.api.db.SerializedObject</classname>
      <dateChanged id="48">2016-02-16 13:40:55</dateChanged>
      <retired>false</retired>
    </org.openmrs.module.metadatasharing.Item>
    <org.openmrs.module.metadatasharing.Item id="49" uuid="6685c281-5505-434f-b734-7f919cfc48a7">
      <id>1241</id>
      <classname>org.openmrs.api.db.SerializedObject</classname>
      <dateChanged id="50">2016-02-10 07:56:16</dateChanged>
      <retired>false</retired>
    </org.openmrs.module.metadatasharing.Item>
    <org.openmrs.module.metadatasharing.Item id="51" uuid="e44f9531-ce30-4db7-9016-6125f9c17be3">
      <id>1338</id>
      <classname>org.openmrs.api.db.SerializedObject</classname>
      <dateChanged id="52">2016-02-17 07:59:31</dateChanged>
      <retired>false</retired>
    </org.openmrs.module.metadatasharing.Item>
    <org.openmrs.module.metadatasharing.Item id="53" uuid="84a98ac4-60dc-4ba6-a174-9e641d75005a">
      <id>1211</id>
      <classname>org.openmrs.api.db.SerializedObject</classname>
      <dateChanged id="54">2016-02-08 13:58:57</dateChanged>
      <retired>false</retired>
    </org.openmrs.module.metadatasharing.Item>
    <org.openmrs.module.metadatasharing.Item id="55" uuid="24cb2fbe-9054-4dc2-9455-63519c8a7010">
      <id>1221</id>
      <classname>org.openmrs.api.db.SerializedObject</classname>
      <dateChanged id="56">2016-02-09 08:42:24</dateChanged>
      <retired>false</retired>
    </org.openmrs.module.metadatasharing.Item>
    <org.openmrs.module.metadatasharing.Item id="57" uuid="653d6a82-8255-4fb3-ac60-28c90885a451">
      <id>1304</id>
      <classname>org.openmrs.api.db.SerializedObject</classname>
      <dateChanged id="58">2016-02-15 09:59:58</dateChanged>
      <retired>false</retired>
    </org.openmrs.module.metadatasharing.Item>
    <org.openmrs.module.metadatasharing.Item id="59" uuid="c97da386-860d-4815-bc1f-bb2078bc8d7c">
      <id>1292</id>
      <classname>org.openmrs.api.db.SerializedObject</classname>
      <dateChanged id="60">2016-02-11 13:01:05</dateChanged>
      <retired>false</retired>
    </org.openmrs.module.metadatasharing.Item>
    <org.openmrs.module.metadatasharing.Item id="61" uuid="0ad776bb-c7e2-415c-905c-e28caa6717b0">
      <id>1205</id>
      <classname>org.openmrs.api.db.SerializedObject</classname>
      <dateChanged id="62">2016-02-08 14:15:05</dateChanged>
      <retired>false</retired>
    </org.openmrs.module.metadatasharing.Item>
    <org.openmrs.module.metadatasharing.Item id="63" uuid="820f3fbe-f9c8-4de0-8269-9228cf65b653">
      <id>1396</id>
      <classname>org.openmrs.api.db.SerializedObject</classname>
      <dateChanged id="64">2016-02-24 09:40:20</dateChanged>
      <retired>false</retired>
    </org.openmrs.module.metadatasharing.Item>
    <org.openmrs.module.metadatasharing.Item id="65" uuid="8e73b9f5-b225-4421-af6f-ef50bb61dbc3">
      <id>1354</id>
      <classname>org.openmrs.api.db.SerializedObject</classname>
      <dateChanged id="66">2016-02-22 12:39:25</dateChanged>
      <retired>false</retired>
    </org.openmrs.module.metadatasharing.Item>
    <org.openmrs.module.metadatasharing.Item id="67" uuid="e939053b-4599-47f8-bd6c-33840d53b763">
      <id>1232</id>
      <classname>org.openmrs.api.db.SerializedObject</classname>
      <dateChanged id="68">2016-02-09 13:29:03</dateChanged>
      <retired>false</retired>
    </org.openmrs.module.metadatasharing.Item>
    <org.openmrs.module.metadatasharing.Item id="69" uuid="7f546f1a-5d9a-49cd-857c-f1a328217e5a">
      <id>1291</id>
      <classname>org.openmrs.api.db.SerializedObject</classname>
      <dateChanged id="70">2016-02-11 12:48:41</dateChanged>
      <retired>false</retired>
    </org.openmrs.module.metadatasharing.Item>
    <org.openmrs.module.metadatasharing.Item id="71" uuid="bdaccefa-cb27-46e5-9cff-a9a856f1abb1">
      <id>1269</id>
      <classname>org.openmrs.api.db.SerializedObject</classname>
      <dateChanged id="72">2016-02-10 14:02:41</dateChanged>
      <retired>false</retired>
    </org.openmrs.module.metadatasharing.Item>
    <org.openmrs.module.metadatasharing.Item id="73" uuid="2e6df775-803d-4ea9-8c29-431ac773f1d7">
      <id>1277</id>
      <classname>org.openmrs.api.db.SerializedObject</classname>
      <dateChanged id="74">2016-02-11 08:40:19</dateChanged>
      <retired>false</retired>
    </org.openmrs.module.metadatasharing.Item>
    <org.openmrs.module.metadatasharing.Item id="75" uuid="c693d674-5481-4be5-91a1-c546c095b8bc">
      <id>1379</id>
      <classname>org.openmrs.api.db.SerializedObject</classname>
      <dateChanged id="76">2016-02-23 14:29:52</dateChanged>
      <retired>false</retired>
    </org.openmrs.module.metadatasharing.Item>
    <org.openmrs.module.metadatasharing.Item id="77" uuid="8b982706-da62-48f9-9368-2475b1656ead">
      <id>1293</id>
      <classname>org.openmrs.api.db.SerializedObject</classname>
      <dateChanged id="78">2016-02-15 08:03:02</dateChanged>
      <retired>false</retired>
    </org.openmrs.module.metadatasharing.Item>
    <org.openmrs.module.metadatasharing.Item id="79" uuid="7d4208c9-120f-475f-8d6d-5c97f900f4d3">
      <id>1297</id>
      <classname>org.openmrs.api.db.SerializedObject</classname>
      <dateChanged id="80">2016-02-15 08:12:26</dateChanged>
      <retired>false</retired>
    </org.openmrs.module.metadatasharing.Item>
    <org.openmrs.module.metadatasharing.Item id="81" uuid="cb9c4fd5-113c-432a-bd9d-c683b4bea5a4">
      <id>1216</id>
      <classname>org.openmrs.api.db.SerializedObject</classname>
      <dateChanged id="82">2016-02-09 07:22:55</dateChanged>
      <retired>false</retired>
    </org.openmrs.module.metadatasharing.Item>
    <org.openmrs.module.metadatasharing.Item id="83" uuid="2d66cf3f-9fe0-421c-9a18-a64d6c4901ef">
      <id>1296</id>
      <classname>org.openmrs.api.db.SerializedObject</classname>
      <dateChanged id="84">2016-02-24 10:07:06</dateChanged>
      <retired>false</retired>
    </org.openmrs.module.metadatasharing.Item>
    <org.openmrs.module.metadatasharing.Item id="85" uuid="7c329f71-34cd-4cd4-98c3-89f95604f1c2">
      <id>1219</id>
      <classname>org.openmrs.api.db.SerializedObject</classname>
      <dateChanged id="86">2016-02-09 14:23:08</dateChanged>
      <retired>false</retired>
    </org.openmrs.module.metadatasharing.Item>
    <org.openmrs.module.metadatasharing.Item id="87" uuid="5faa0b64-33d5-4b38-9895-cfbeb70dc8bd">
      <id>1348</id>
      <classname>org.openmrs.api.db.SerializedObject</classname>
      <dateChanged id="88">2016-02-22 09:20:56</dateChanged>
      <retired>false</retired>
    </org.openmrs.module.metadatasharing.Item>
    <org.openmrs.module.metadatasharing.Item id="89" uuid="b33ec8dc-034e-49b0-9bdd-94664d8d3668">
      <id>1246</id>
      <classname>org.openmrs.api.db.SerializedObject</classname>
      <dateChanged id="90">2016-02-10 08:30:49</dateChanged>
      <retired>false</retired>
    </org.openmrs.module.metadatasharing.Item>
    <org.openmrs.module.metadatasharing.Item id="91" uuid="dafd5664-1d49-45ba-8d49-ba4d85021dbd">
      <id>1265</id>
      <classname>org.openmrs.api.db.SerializedObject</classname>
      <dateChanged id="92">2016-02-10 13:33:06</dateChanged>
      <retired>false</retired>
    </org.openmrs.module.metadatasharing.Item>
    <org.openmrs.module.metadatasharing.Item id="93" uuid="353279e3-1c1e-4465-8398-658db685751b">
      <id>1255</id>
      <classname>org.openmrs.api.db.SerializedObject</classname>
      <dateChanged id="94">2016-02-10 12:31:40</dateChanged>
      <retired>false</retired>
    </org.openmrs.module.metadatasharing.Item>
    <org.openmrs.module.metadatasharing.Item id="95" uuid="2955a938-dd15-485e-bba7-0d31e0764c69">
      <id>1284</id>
      <classname>org.openmrs.api.db.SerializedObject</classname>
      <dateChanged id="96">2016-02-11 09:20:00</dateChanged>
      <retired>false</retired>
    </org.openmrs.module.metadatasharing.Item>
    <org.openmrs.module.metadatasharing.Item id="97" uuid="25cac359-afff-46a9-95ad-957b5c4c5bb7">
      <id>1267</id>
      <classname>org.openmrs.api.db.SerializedObject</classname>
      <dateChanged id="98">2016-02-10 13:46:53</dateChanged>
      <retired>false</retired>
    </org.openmrs.module.metadatasharing.Item>
    <org.openmrs.module.metadatasharing.Item id="99" uuid="71600231-da0b-4f0c-bf7d-a0d03ccf3ed4">
      <id>1371</id>
      <classname>org.openmrs.api.db.SerializedObject</classname>
      <dateChanged id="100">2016-02-23 12:48:15</dateChanged>
      <retired>false</retired>
    </org.openmrs.module.metadatasharing.Item>
    <org.openmrs.module.metadatasharing.Item id="101" uuid="bea47cc2-3928-4b24-8b12-90c5981a1b2b">
      <id>1226</id>
      <classname>org.openmrs.api.db.SerializedObject</classname>
      <dateChanged id="102">2016-02-09 09:36:33</dateChanged>
      <retired>false</retired>
    </org.openmrs.module.metadatasharing.Item>
    <org.openmrs.module.metadatasharing.Item id="103" uuid="9083bead-252c-4625-b9b0-6047a2eec407">
      <id>1247</id>
      <classname>org.openmrs.api.db.SerializedObject</classname>
      <dateChanged id="104">2016-02-10 08:35:33</dateChanged>
      <retired>false</retired>
    </org.openmrs.module.metadatasharing.Item>
    <org.openmrs.module.metadatasharing.Item id="105" uuid="56a3b4f8-9085-428c-926d-22904cac0f91">
      <id>1236</id>
      <classname>org.openmrs.api.db.SerializedObject</classname>
      <dateChanged id="106">2016-02-09 14:00:26</dateChanged>
      <retired>false</retired>
    </org.openmrs.module.metadatasharing.Item>
    <org.openmrs.module.metadatasharing.Item id="107" uuid="c7609d47-8e46-4911-9bba-0b405ffadfda">
      <id>1398</id>
      <classname>org.openmrs.api.db.SerializedObject</classname>
      <dateChanged id="108">2016-02-24 10:01:12</dateChanged>
      <retired>false</retired>
    </org.openmrs.module.metadatasharing.Item>
    <org.openmrs.module.metadatasharing.Item id="109" uuid="bc8234c4-7f5a-445d-801c-d5fd0d698140">
      <id>1394</id>
      <classname>org.openmrs.api.db.SerializedObject</classname>
      <dateChanged id="110">2016-02-24 09:02:43</dateChanged>
      <retired>false</retired>
    </org.openmrs.module.metadatasharing.Item>
    <org.openmrs.module.metadatasharing.Item id="111" uuid="0cf636de-dda2-40af-8107-7d26dbfb75e5">
      <id>1278</id>
      <classname>org.openmrs.api.db.SerializedObject</classname>
      <dateChanged id="112">2016-02-11 08:42:56</dateChanged>
      <retired>false</retired>
    </org.openmrs.module.metadatasharing.Item>
    <org.openmrs.module.metadatasharing.Item id="113" uuid="85956395-41cf-4b82-816c-c8d164faa05d">
      <id>1393</id>
      <classname>org.openmrs.api.db.SerializedObject</classname>
      <dateChanged id="114">2016-02-24 08:48:21</dateChanged>
      <retired>false</retired>
    </org.openmrs.module.metadatasharing.Item>
    <org.openmrs.module.metadatasharing.Item id="115" uuid="00791dce-f0c8-4583-a988-47c539f3dfaa">
      <id>1347</id>
      <classname>org.openmrs.api.db.SerializedObject</classname>
      <dateChanged id="116">2016-02-22 09:26:08</dateChanged>
      <retired>false</retired>
    </org.openmrs.module.metadatasharing.Item>
    <org.openmrs.module.metadatasharing.Item id="117" uuid="f7808a91-bb95-44f4-ac0e-b1d273a9f885">
      <id>1377</id>
      <classname>org.openmrs.api.db.SerializedObject</classname>
      <dateChanged id="118">2016-02-23 13:55:45</dateChanged>
      <retired>false</retired>
    </org.openmrs.module.metadatasharing.Item>
    <org.openmrs.module.metadatasharing.Item id="119" uuid="a76c63d5-01e4-4b9b-8f69-b14da55a7179">
      <id>1302</id>
      <classname>org.openmrs.api.db.SerializedObject</classname>
      <dateChanged id="120">2016-02-15 09:24:24</dateChanged>
      <retired>false</retired>
    </org.openmrs.module.metadatasharing.Item>
    <org.openmrs.module.metadatasharing.Item id="121" uuid="6c36eaaf-2430-42e7-81a7-f2d8e9d7afaa">
      <id>1225</id>
      <classname>org.openmrs.api.db.SerializedObject</classname>
      <dateChanged id="122">2016-02-09 09:30:59</dateChanged>
      <retired>false</retired>
    </org.openmrs.module.metadatasharing.Item>
    <org.openmrs.module.metadatasharing.Item id="123" uuid="1f2cc937-55fe-43ae-83e4-719d4441ee0e">
      <id>1253</id>
      <classname>org.openmrs.api.db.SerializedObject</classname>
      <dateChanged id="124">2016-02-10 12:24:24</dateChanged>
      <retired>false</retired>
    </org.openmrs.module.metadatasharing.Item>
    <org.openmrs.module.metadatasharing.Item id="125" uuid="124dabf3-03cd-4cda-9e1d-d751ea0b39c2">
      <id>1331</id>
      <classname>org.openmrs.api.db.SerializedObject</classname>
      <dateChanged id="126">2016-02-16 13:34:18</dateChanged>
      <retired>false</retired>
    </org.openmrs.module.metadatasharing.Item>
    <org.openmrs.module.metadatasharing.Item id="127" uuid="64b524e9-2fac-4e60-b960-645827114972">
      <id>1283</id>
      <classname>org.openmrs.api.db.SerializedObject</classname>
      <dateChanged id="128">2016-02-11 09:17:50</dateChanged>
      <retired>false</retired>
    </org.openmrs.module.metadatasharing.Item>
    <org.openmrs.module.metadatasharing.Item id="129" uuid="b0b9805f-2aea-48fb-89f5-903156d4ecc0">
      <id>1381</id>
      <classname>org.openmrs.api.db.SerializedObject</classname>
      <dateChanged id="130">2016-02-23 14:39:27</dateChanged>
      <retired>false</retired>
    </org.openmrs.module.metadatasharing.Item>
    <org.openmrs.module.metadatasharing.Item id="131" uuid="92ea7f99-36e4-4aa2-b544-e4499503bd1c">
      <id>1326</id>
      <classname>org.openmrs.api.db.SerializedObject</classname>
      <dateChanged id="132">2016-02-16 07:42:44</dateChanged>
      <retired>false</retired>
    </org.openmrs.module.metadatasharing.Item>
    <org.openmrs.module.metadatasharing.Item id="133" uuid="b5818b8b-5e2a-4edf-a34f-dea125cf3514">
      <id>1251</id>
      <classname>org.openmrs.api.db.SerializedObject</classname>
      <dateChanged id="134">2016-02-10 12:14:50</dateChanged>
      <retired>false</retired>
    </org.openmrs.module.metadatasharing.Item>
    <org.openmrs.module.metadatasharing.Item id="135" uuid="229966b9-1f86-49e3-a27b-867e2ec78f21">
      <id>1240</id>
      <classname>org.openmrs.api.db.SerializedObject</classname>
      <dateChanged id="136">2016-02-09 15:09:34</dateChanged>
      <retired>false</retired>
    </org.openmrs.module.metadatasharing.Item>
    <org.openmrs.module.metadatasharing.Item id="137" uuid="433b31a7-9ceb-4e36-a4ae-6c1a1e4ed1ef">
      <id>1382</id>
      <classname>org.openmrs.api.db.SerializedObject</classname>
      <dateChanged id="138">2016-02-24 07:03:11</dateChanged>
      <retired>false</retired>
    </org.openmrs.module.metadatasharing.Item>
    <org.openmrs.module.metadatasharing.Item id="139" uuid="ae078d0a-9327-47ec-876b-f88cb52900a5">
      <id>1322</id>
      <classname>org.openmrs.api.db.SerializedObject</classname>
      <dateChanged id="140">2016-02-15 14:15:05</dateChanged>
      <retired>false</retired>
    </org.openmrs.module.metadatasharing.Item>
    <org.openmrs.module.metadatasharing.Item id="141" uuid="d397d457-611f-406f-a5f0-421a21bceefb">
      <id>1312</id>
      <classname>org.openmrs.api.db.SerializedObject</classname>
      <dateChanged id="142">2016-02-15 12:50:59</dateChanged>
      <retired>false</retired>
    </org.openmrs.module.metadatasharing.Item>
    <org.openmrs.module.metadatasharing.Item id="143" uuid="a8f25f32-f2c8-4077-8586-d64a639b3ba7">
      <id>1250</id>
      <classname>org.openmrs.api.db.SerializedObject</classname>
      <dateChanged id="144">2016-02-10 12:06:25</dateChanged>
      <retired>false</retired>
    </org.openmrs.module.metadatasharing.Item>
    <org.openmrs.module.metadatasharing.Item id="145" uuid="b5b4ba1b-df27-4578-882a-31c6e7ab4b7b">
      <id>1374</id>
      <classname>org.openmrs.api.db.SerializedObject</classname>
      <dateChanged id="146">2016-02-23 13:27:04</dateChanged>
      <retired>false</retired>
    </org.openmrs.module.metadatasharing.Item>
    <org.openmrs.module.metadatasharing.Item id="147" uuid="33470d3d-8ed5-4361-bd90-2aee2bd6cb3c">
      <id>1245</id>
      <classname>org.openmrs.api.db.SerializedObject</classname>
      <dateChanged id="148">2016-02-10 08:26:54</dateChanged>
      <retired>false</retired>
    </org.openmrs.module.metadatasharing.Item>
    <org.openmrs.module.metadatasharing.Item id="149" uuid="bd55bea3-899d-40e0-b3f4-da12f316d7cd">
      <id>1346</id>
      <classname>org.openmrs.api.db.SerializedObject</classname>
      <dateChanged id="150">2016-02-22 08:26:44</dateChanged>
      <retired>false</retired>
    </org.openmrs.module.metadatasharing.Item>
    <org.openmrs.module.metadatasharing.Item id="151" uuid="6be99aa8-22b2-4747-8b14-de110e4bdeba">
      <id>1328</id>
      <classname>org.openmrs.api.db.SerializedObject</classname>
      <dateChanged id="152">2016-02-19 10:36:19</dateChanged>
      <retired>false</retired>
    </org.openmrs.module.metadatasharing.Item>
    <org.openmrs.module.metadatasharing.Item id="153" uuid="88acad1e-2bf6-469d-8451-90b860cfed03">
      <id>1335</id>
      <classname>org.openmrs.api.db.SerializedObject</classname>
      <dateChanged id="154">2016-02-16 14:01:16</dateChanged>
      <retired>false</retired>
    </org.openmrs.module.metadatasharing.Item>
    <org.openmrs.module.metadatasharing.Item id="155" uuid="f0ca3c13-a909-4859-ae6d-6623492dbdc9">
      <id>1215</id>
      <classname>org.openmrs.api.db.SerializedObject</classname>
      <dateChanged id="156">2016-02-08 14:54:42</dateChanged>
      <retired>false</retired>
    </org.openmrs.module.metadatasharing.Item>
    <org.openmrs.module.metadatasharing.Item id="157" uuid="81ad7541-7e76-4c2a-96c9-864b6578212d">
      <id>1368</id>
      <classname>org.openmrs.api.db.SerializedObject</classname>
      <dateChanged id="158">2016-02-23 12:03:51</dateChanged>
      <retired>false</retired>
    </org.openmrs.module.metadatasharing.Item>
    <org.openmrs.module.metadatasharing.Item id="159" uuid="bcd687f8-0195-46bc-85ef-5ffb42e308b3">
      <id>1303</id>
      <classname>org.openmrs.api.db.SerializedObject</classname>
      <dateChanged id="160">2016-02-15 09:27:35</dateChanged>
      <retired>false</retired>
    </org.openmrs.module.metadatasharing.Item>
    <org.openmrs.module.metadatasharing.Item id="161" uuid="3d659f9c-df4f-4523-8710-022a2493c9d6">
      <id>1385</id>
      <classname>org.openmrs.api.db.SerializedObject</classname>
      <dateChanged id="162">2016-02-24 07:26:23</dateChanged>
      <retired>false</retired>
    </org.openmrs.module.metadatasharing.Item>
    <org.openmrs.module.metadatasharing.Item id="163" uuid="ce2601fb-4d4b-4722-8963-0759119a0a1f">
      <id>1384</id>
      <classname>org.openmrs.api.db.SerializedObject</classname>
      <dateChanged id="164">2016-02-24 07:20:13</dateChanged>
      <retired>false</retired>
    </org.openmrs.module.metadatasharing.Item>
    <org.openmrs.module.metadatasharing.Item id="165" uuid="0f8e1e1e-90ed-4da3-8c28-4d1ae97472f5">
      <id>1369</id>
      <classname>org.openmrs.api.db.SerializedObject</classname>
      <dateChanged id="166">2016-02-23 12:07:05</dateChanged>
      <retired>false</retired>
    </org.openmrs.module.metadatasharing.Item>
    <org.openmrs.module.metadatasharing.Item id="167" uuid="e2749e08-471d-407d-a532-8bf0d9f5367d">
      <id>1238</id>
      <classname>org.openmrs.api.db.SerializedObject</classname>
      <dateChanged id="168">2016-02-09 14:35:26</dateChanged>
      <retired>false</retired>
    </org.openmrs.module.metadatasharing.Item>
    <org.openmrs.module.metadatasharing.Item id="169" uuid="efa4c0b5-d97c-472e-91e4-7493e7d7e661">
      <id>1222</id>
      <classname>org.openmrs.api.db.SerializedObject</classname>
      <dateChanged id="170">2016-02-09 08:45:03</dateChanged>
      <retired>false</retired>
    </org.openmrs.module.metadatasharing.Item>
    <org.openmrs.module.metadatasharing.Item id="171" uuid="aff3281b-881c-4955-b84f-3ee0f82c0f22">
      <id>1279</id>
      <classname>org.openmrs.api.db.SerializedObject</classname>
      <dateChanged id="172">2016-02-11 08:52:08</dateChanged>
      <retired>false</retired>
    </org.openmrs.module.metadatasharing.Item>
    <org.openmrs.module.metadatasharing.Item id="173" uuid="a5b0c77f-ba54-48d0-a309-3acb203f3810">
      <id>1352</id>
      <classname>org.openmrs.api.db.SerializedObject</classname>
      <dateChanged id="174">2016-02-22 10:18:17</dateChanged>
      <retired>false</retired>
    </org.openmrs.module.metadatasharing.Item>
    <org.openmrs.module.metadatasharing.Item id="175" uuid="4b7fff77-69ca-4ff0-a20a-695b11a29e11">
      <id>1380</id>
      <classname>org.openmrs.api.db.SerializedObject</classname>
      <dateChanged id="176">2016-02-23 14:36:21</dateChanged>
      <retired>false</retired>
    </org.openmrs.module.metadatasharing.Item>
    <org.openmrs.module.metadatasharing.Item id="177" uuid="3387b1be-483d-4498-a350-508a796dfdf8">
      <id>1254</id>
      <classname>org.openmrs.api.db.SerializedObject</classname>
      <dateChanged id="178">2016-02-10 12:26:43</dateChanged>
      <retired>false</retired>
    </org.openmrs.module.metadatasharing.Item>
    <org.openmrs.module.metadatasharing.Item id="179" uuid="d069ee55-6ec9-4c13-b2a1-ab3f92826012">
      <id>1363</id>
      <classname>org.openmrs.api.db.SerializedObject</classname>
      <dateChanged id="180">2016-02-23 10:06:48</dateChanged>
      <retired>false</retired>
    </org.openmrs.module.metadatasharing.Item>
    <org.openmrs.module.metadatasharing.Item id="181" uuid="3fe99091-bd16-43d6-a1d8-cdada6f77c9f">
      <id>1313</id>
      <classname>org.openmrs.api.db.SerializedObject</classname>
      <dateChanged id="182">2016-02-15 12:55:21</dateChanged>
      <retired>false</retired>
    </org.openmrs.module.metadatasharing.Item>
    <org.openmrs.module.metadatasharing.Item id="183" uuid="2e8e6ca3-2ec5-4ca2-8830-bfefd88bc840">
      <id>1286</id>
      <classname>org.openmrs.api.db.SerializedObject</classname>
      <dateChanged id="184">2016-02-11 09:34:42</dateChanged>
      <retired>false</retired>
    </org.openmrs.module.metadatasharing.Item>
    <org.openmrs.module.metadatasharing.Item id="185" uuid="27176555-a589-47f1-933e-c6301a26aaa9">
      <id>1204</id>
      <classname>org.openmrs.api.db.SerializedObject</classname>
      <dateChanged id="186">2016-02-08 15:21:38</dateChanged>
      <retired>false</retired>
    </org.openmrs.module.metadatasharing.Item>
    <org.openmrs.module.metadatasharing.Item id="187" uuid="da018649-449b-461f-a21f-84fe90f128ce">
      <id>1230</id>
      <classname>org.openmrs.api.db.SerializedObject</classname>
      <dateChanged id="188">2016-02-09 13:05:17</dateChanged>
      <retired>false</retired>
    </org.openmrs.module.metadatasharing.Item>
    <org.openmrs.module.metadatasharing.Item id="189" uuid="451c78fb-4a70-4c16-93fe-13676ef11456">
      <id>1391</id>
      <classname>org.openmrs.api.db.SerializedObject</classname>
      <dateChanged id="190">2016-02-24 08:35:40</dateChanged>
      <retired>false</retired>
    </org.openmrs.module.metadatasharing.Item>
    <org.openmrs.module.metadatasharing.Item id="191" uuid="b2e59395-7390-4743-b3e0-d4f6db4534bc">
      <id>1366</id>
      <classname>org.openmrs.api.db.SerializedObject</classname>
      <dateChanged id="192">2016-02-23 10:54:57</dateChanged>
      <retired>false</retired>
    </org.openmrs.module.metadatasharing.Item>
    <org.openmrs.module.metadatasharing.Item id="193" uuid="d78bfc53-f66a-4615-963d-6a7193fb85f0">
      <id>1252</id>
      <classname>org.openmrs.api.db.SerializedObject</classname>
      <dateChanged id="194">2016-02-10 12:17:51</dateChanged>
      <retired>false</retired>
    </org.openmrs.module.metadatasharing.Item>
    <org.openmrs.module.metadatasharing.Item id="195" uuid="ad9b2c9e-5979-4484-9924-1d0c6c06eac1">
      <id>1344</id>
      <classname>org.openmrs.api.db.SerializedObject</classname>
      <dateChanged id="196">2016-02-22 08:44:56</dateChanged>
      <retired>false</retired>
    </org.openmrs.module.metadatasharing.Item>
    <org.openmrs.module.metadatasharing.Item id="197" uuid="fb4c0fe6-1e05-4dda-b868-782191b0cd40">
      <id>1231</id>
      <classname>org.openmrs.api.db.SerializedObject</classname>
      <dateChanged id="198">2016-02-09 13:18:45</dateChanged>
      <retired>false</retired>
    </org.openmrs.module.metadatasharing.Item>
    <org.openmrs.module.metadatasharing.Item id="199" uuid="c9515312-8702-4ebb-a77b-4ee8d4485a64">
      <id>1275</id>
      <classname>org.openmrs.api.db.SerializedObject</classname>
      <dateChanged id="200">2016-02-11 08:27:55</dateChanged>
      <retired>false</retired>
    </org.openmrs.module.metadatasharing.Item>
    <org.openmrs.module.metadatasharing.Item id="201" uuid="0cea503c-d35a-4fbb-9c94-333b97c18715">
      <id>1239</id>
      <classname>org.openmrs.api.db.SerializedObject</classname>
      <dateChanged id="202">2016-02-09 14:44:18</dateChanged>
      <retired>false</retired>
    </org.openmrs.module.metadatasharing.Item>
    <org.openmrs.module.metadatasharing.Item id="203" uuid="f1800262-af88-4fc1-afb3-40a2b91309a5">
      <id>1220</id>
      <classname>org.openmrs.api.db.SerializedObject</classname>
      <dateChanged id="204">2016-02-09 08:22:46</dateChanged>
      <retired>false</retired>
    </org.openmrs.module.metadatasharing.Item>
    <org.openmrs.module.metadatasharing.Item id="205" uuid="d568bc5a-8efd-4122-92bb-5b25b4d27649">
      <id>1256</id>
      <classname>org.openmrs.api.db.SerializedObject</classname>
      <dateChanged id="206">2016-02-10 12:35:02</dateChanged>
      <retired>false</retired>
    </org.openmrs.module.metadatasharing.Item>
    <org.openmrs.module.metadatasharing.Item id="207" uuid="0c716bde-c286-448a-85bb-54f8ba5ce05a">
      <id>1309</id>
      <classname>org.openmrs.api.db.SerializedObject</classname>
      <dateChanged id="208">2016-02-15 12:37:08</dateChanged>
      <retired>false</retired>
    </org.openmrs.module.metadatasharing.Item>
    <org.openmrs.module.metadatasharing.Item id="209" uuid="56b6aba2-0343-4112-992f-d6037b4e16e4">
      <id>1373</id>
      <classname>org.openmrs.api.db.SerializedObject</classname>
      <dateChanged id="210">2016-02-23 13:12:03</dateChanged>
      <retired>false</retired>
    </org.openmrs.module.metadatasharing.Item>
    <org.openmrs.module.metadatasharing.Item id="211" uuid="66161e1f-1ee4-430e-98e8-2bb237b89b0d">
      <id>1301</id>
      <classname>org.openmrs.api.db.SerializedObject</classname>
      <dateChanged id="212">2016-02-15 08:39:56</dateChanged>
      <retired>false</retired>
    </org.openmrs.module.metadatasharing.Item>
    <org.openmrs.module.metadatasharing.Item id="213" uuid="0e1b4f8a-4029-43b3-95e4-873eb4239226">
      <id>1298</id>
      <classname>org.openmrs.api.db.SerializedObject</classname>
      <dateChanged id="214">2016-02-15 08:16:05</dateChanged>
      <retired>false</retired>
    </org.openmrs.module.metadatasharing.Item>
    <org.openmrs.module.metadatasharing.Item id="215" uuid="817ad9c7-a12c-4e7b-a5bc-679f705a8e73">
      <id>1356</id>
      <classname>org.openmrs.api.db.SerializedObject</classname>
      <dateChanged id="216">2016-02-22 13:01:48</dateChanged>
      <retired>false</retired>
    </org.openmrs.module.metadatasharing.Item>
    <org.openmrs.module.metadatasharing.Item id="217" uuid="5a7cecc9-e175-4ec7-b10d-0937356573b7">
      <id>1350</id>
      <classname>org.openmrs.api.db.SerializedObject</classname>
      <dateChanged id="218">2016-02-22 09:36:16</dateChanged>
      <retired>false</retired>
    </org.openmrs.module.metadatasharing.Item>
    <org.openmrs.module.metadatasharing.Item id="219" uuid="3d4ab778-5a82-4b8d-a1cb-cea77c665dc1">
      <id>1370</id>
      <classname>org.openmrs.api.db.SerializedObject</classname>
      <dateChanged id="220">2016-02-23 12:50:00</dateChanged>
      <retired>false</retired>
    </org.openmrs.module.metadatasharing.Item>
    <org.openmrs.module.metadatasharing.Item id="221" uuid="f7a391f9-6bb7-461a-a7fb-093330a21ab3">
      <id>1263</id>
      <classname>org.openmrs.api.db.SerializedObject</classname>
      <dateChanged id="222">2016-02-10 13:21:24</dateChanged>
      <retired>false</retired>
    </org.openmrs.module.metadatasharing.Item>
    <org.openmrs.module.metadatasharing.Item id="223" uuid="2ba6eaf9-e2ab-4f68-981c-a29f40e214b9">
      <id>1287</id>
      <classname>org.openmrs.api.db.SerializedObject</classname>
      <dateChanged id="224">2016-02-11 09:54:48</dateChanged>
      <retired>false</retired>
    </org.openmrs.module.metadatasharing.Item>
    <org.openmrs.module.metadatasharing.Item id="225" uuid="8f6b87a6-564e-45a4-8e17-643595e3a30e">
      <id>1244</id>
      <classname>org.openmrs.api.db.SerializedObject</classname>
      <dateChanged id="226">2016-02-10 08:11:01</dateChanged>
      <retired>false</retired>
    </org.openmrs.module.metadatasharing.Item>
    <org.openmrs.module.metadatasharing.Item id="227" uuid="8a7f6e2d-323d-45dc-8e27-a27339863392">
      <id>1359</id>
      <classname>org.openmrs.api.db.SerializedObject</classname>
      <dateChanged id="228">2016-02-23 15:09:10</dateChanged>
      <retired>false</retired>
    </org.openmrs.module.metadatasharing.Item>
    <org.openmrs.module.metadatasharing.Item id="229" uuid="87d01ab9-8d03-4bf4-9f44-9a568dace129">
      <id>1392</id>
      <classname>org.openmrs.api.db.SerializedObject</classname>
      <dateChanged id="230">2016-02-24 08:42:55</dateChanged>
      <retired>false</retired>
    </org.openmrs.module.metadatasharing.Item>
    <org.openmrs.module.metadatasharing.Item id="231" uuid="31662fce-678a-4ded-908c-99ec1ec68032">
      <id>1357</id>
      <classname>org.openmrs.api.db.SerializedObject</classname>
      <dateChanged id="232">2016-02-22 13:18:35</dateChanged>
      <retired>false</retired>
    </org.openmrs.module.metadatasharing.Item>
    <org.openmrs.module.metadatasharing.Item id="233" uuid="05716163-101c-4f60-a577-e2172b8e3353">
      <id>1336</id>
      <classname>org.openmrs.api.db.SerializedObject</classname>
      <dateChanged id="234">2016-02-16 14:06:30</dateChanged>
      <retired>false</retired>
    </org.openmrs.module.metadatasharing.Item>
    <org.openmrs.module.metadatasharing.Item id="235" uuid="5061933f-81c6-4260-89f9-c3fbfb145576">
      <id>1272</id>
      <classname>org.openmrs.api.db.SerializedObject</classname>
      <dateChanged id="236">2016-02-11 08:07:24</dateChanged>
      <retired>false</retired>
    </org.openmrs.module.metadatasharing.Item>
    <org.openmrs.module.metadatasharing.Item id="237" uuid="0528523e-915f-4442-a646-6a95898c7bbe">
      <id>1341</id>
      <classname>org.openmrs.api.db.SerializedObject</classname>
      <dateChanged id="238">2016-02-17 08:49:06</dateChanged>
      <retired>false</retired>
    </org.openmrs.module.metadatasharing.Item>
    <org.openmrs.module.metadatasharing.Item id="239" uuid="81a42a9a-bc19-4a05-8e35-f31fbe5d36f8">
      <id>1339</id>
      <classname>org.openmrs.api.db.SerializedObject</classname>
      <dateChanged id="240">2016-02-17 08:04:07</dateChanged>
      <retired>false</retired>
    </org.openmrs.module.metadatasharing.Item>
    <org.openmrs.module.metadatasharing.Item id="241" uuid="3e22cce4-46b5-40e6-8b1f-0ae3767f9cc2">
      <id>1228</id>
      <classname>org.openmrs.api.db.SerializedObject</classname>
      <dateChanged id="242">2016-02-09 10:31:24</dateChanged>
      <retired>false</retired>
    </org.openmrs.module.metadatasharing.Item>
    <org.openmrs.module.metadatasharing.Item id="243" uuid="871a9e1a-1cf5-47ae-ad3d-3a2807f2bfd8">
      <id>1308</id>
      <classname>org.openmrs.api.db.SerializedObject</classname>
      <dateChanged id="244">2016-02-15 10:49:53</dateChanged>
      <retired>false</retired>
    </org.openmrs.module.metadatasharing.Item>
    <org.openmrs.module.metadatasharing.Item id="245" uuid="bb2d664f-3869-4e6a-93b5-0f530f390f7b">
      <id>1314</id>
      <classname>org.openmrs.api.db.SerializedObject</classname>
      <dateChanged id="246">2016-02-15 12:57:44</dateChanged>
      <retired>false</retired>
    </org.openmrs.module.metadatasharing.Item>
    <org.openmrs.module.metadatasharing.Item id="247" uuid="21fd936a-575b-47d6-9d86-220577af6749">
      <id>1299</id>
      <classname>org.openmrs.api.db.SerializedObject</classname>
      <dateChanged id="248">2016-02-15 08:22:03</dateChanged>
      <retired>false</retired>
    </org.openmrs.module.metadatasharing.Item>
    <org.openmrs.module.metadatasharing.Item id="249" uuid="540cfcd1-62d7-4142-835c-497793ce8beb">
      <id>1355</id>
      <classname>org.openmrs.api.db.SerializedObject</classname>
      <dateChanged id="250">2016-02-22 12:54:38</dateChanged>
      <retired>false</retired>
    </org.openmrs.module.metadatasharing.Item>
    <org.openmrs.module.metadatasharing.Item id="251" uuid="9fe55573-f8a9-4c42-97fd-24d90cd7afde">
      <id>1362</id>
      <classname>org.openmrs.api.db.SerializedObject</classname>
      <dateChanged id="252">2016-02-23 10:11:04</dateChanged>
      <retired>false</retired>
    </org.openmrs.module.metadatasharing.Item>
    <org.openmrs.module.metadatasharing.Item id="253" uuid="09bc9372-c306-4179-aab0-ba37d0db611d">
      <id>1358</id>
      <classname>org.openmrs.api.db.SerializedObject</classname>
      <dateChanged id="254">2016-02-22 13:23:53</dateChanged>
      <retired>false</retired>
    </org.openmrs.module.metadatasharing.Item>
    <org.openmrs.module.metadatasharing.Item id="255" uuid="3b3d7679-7f61-4ac3-8ecc-ea2e7de49e70">
      <id>1258</id>
      <classname>org.openmrs.api.db.SerializedObject</classname>
      <dateChanged id="256">2016-02-10 12:45:09</dateChanged>
      <retired>false</retired>
    </org.openmrs.module.metadatasharing.Item>
    <org.openmrs.module.metadatasharing.Item id="257" uuid="9bbf3525-5152-46df-8803-d06d5646a312">
      <id>1383</id>
      <classname>org.openmrs.api.db.SerializedObject</classname>
      <dateChanged id="258">2016-02-24 07:17:58</dateChanged>
      <retired>false</retired>
    </org.openmrs.module.metadatasharing.Item>
    <org.openmrs.module.metadatasharing.Item id="259" uuid="fdfcdd29-1b47-440b-80b2-016ae3b2c9d5">
      <id>1372</id>
      <classname>org.openmrs.api.db.SerializedObject</classname>
      <dateChanged id="260">2016-02-23 13:07:28</dateChanged>
      <retired>false</retired>
    </org.openmrs.module.metadatasharing.Item>
    <org.openmrs.module.metadatasharing.Item id="261" uuid="a3ee1972-41d0-4f41-975a-efc655d6c290">
      <id>1249</id>
      <classname>org.openmrs.api.db.SerializedObject</classname>
      <dateChanged id="262">2016-02-10 11:55:17</dateChanged>
      <retired>false</retired>
    </org.openmrs.module.metadatasharing.Item>
    <org.openmrs.module.metadatasharing.Item id="263" uuid="d1f178a5-06d4-478c-bb4d-fd36c406c0cd">
      <id>1237</id>
      <classname>org.openmrs.api.db.SerializedObject</classname>
      <dateChanged id="264">2016-02-09 14:13:42</dateChanged>
      <retired>false</retired>
    </org.openmrs.module.metadatasharing.Item>
    <org.openmrs.module.metadatasharing.Item id="265" uuid="a691878d-309a-4a0b-8bde-388960831d96">
      <id>1311</id>
      <classname>org.openmrs.api.db.SerializedObject</classname>
      <dateChanged id="266">2016-02-15 12:47:57</dateChanged>
      <retired>false</retired>
    </org.openmrs.module.metadatasharing.Item>
    <org.openmrs.module.metadatasharing.Item id="267" uuid="e163f10e-061e-44ce-ae37-ea936f18b3d0">
      <id>1282</id>
      <classname>org.openmrs.api.db.SerializedObject</classname>
      <dateChanged id="268">2016-02-11 09:11:33</dateChanged>
      <retired>false</retired>
    </org.openmrs.module.metadatasharing.Item>
    <org.openmrs.module.metadatasharing.Item id="269" uuid="9e8f0945-35d4-43d5-93bb-57321a896b36">
      <id>1395</id>
      <classname>org.openmrs.api.db.SerializedObject</classname>
      <dateChanged id="270">2016-02-24 09:31:27</dateChanged>
      <retired>false</retired>
    </org.openmrs.module.metadatasharing.Item>
    <org.openmrs.module.metadatasharing.Item id="271" uuid="96c6a53a-e1b7-44bf-8ee6-a7c52b6f8553">
      <id>1262</id>
      <classname>org.openmrs.api.db.SerializedObject</classname>
      <dateChanged id="272">2016-02-10 13:15:51</dateChanged>
      <retired>false</retired>
    </org.openmrs.module.metadatasharing.Item>
    <org.openmrs.module.metadatasharing.Item id="273" uuid="12108b14-0f29-4cec-9a4c-8c4628b87d51">
      <id>1266</id>
      <classname>org.openmrs.api.db.SerializedObject</classname>
      <dateChanged id="274">2016-02-10 13:36:43</dateChanged>
      <retired>false</retired>
    </org.openmrs.module.metadatasharing.Item>
    <org.openmrs.module.metadatasharing.Item id="275" uuid="2c8aee3e-98e8-402f-b39f-13f807cb1569">
      <id>1213</id>
      <classname>org.openmrs.api.db.SerializedObject</classname>
      <dateChanged id="276">2016-02-08 14:40:00</dateChanged>
      <retired>false</retired>
    </org.openmrs.module.metadatasharing.Item>
    <org.openmrs.module.metadatasharing.Item id="277" uuid="fb5988c5-6d7d-409f-90d5-ac6cf962dc9a">
      <id>1320</id>
      <classname>org.openmrs.api.db.SerializedObject</classname>
      <dateChanged id="278">2016-02-15 13:56:03</dateChanged>
      <retired>false</retired>
    </org.openmrs.module.metadatasharing.Item>
    <org.openmrs.module.metadatasharing.Item id="279" uuid="99f82661-6904-4b9e-a4fb-d1d0e09af4a3">
      <id>1345</id>
      <classname>org.openmrs.api.db.SerializedObject</classname>
      <dateChanged id="280">2016-02-22 08:19:08</dateChanged>
      <retired>false</retired>
    </org.openmrs.module.metadatasharing.Item>
    <org.openmrs.module.metadatasharing.Item id="281" uuid="dcfdfb81-1287-454c-a119-33865a9efe4a">
      <id>1270</id>
      <classname>org.openmrs.api.db.SerializedObject</classname>
      <dateChanged id="282">2016-02-10 14:04:57</dateChanged>
      <retired>false</retired>
    </org.openmrs.module.metadatasharing.Item>
    <org.openmrs.module.metadatasharing.Item id="283" uuid="eedebce5-ce50-4d20-a230-623cb48ace21">
      <id>1307</id>
      <classname>org.openmrs.api.db.SerializedObject</classname>
      <dateChanged id="284">2016-02-15 10:20:39</dateChanged>
      <retired>false</retired>
    </org.openmrs.module.metadatasharing.Item>
    <org.openmrs.module.metadatasharing.Item id="285" uuid="bf26a934-5801-4ded-8aaf-93e3eda052ab">
      <id>1210</id>
      <classname>org.openmrs.api.db.SerializedObject</classname>
      <dateChanged id="286">2016-02-08 15:22:04</dateChanged>
      <retired>false</retired>
    </org.openmrs.module.metadatasharing.Item>
    <org.openmrs.module.metadatasharing.Item id="287" uuid="3b79b684-97fd-4cf6-bbe9-ac158c26c32b">
      <id>1389</id>
      <classname>org.openmrs.api.db.SerializedObject</classname>
      <dateChanged id="288">2016-02-24 08:14:50</dateChanged>
      <retired>false</retired>
    </org.openmrs.module.metadatasharing.Item>
    <org.openmrs.module.metadatasharing.Item id="289" uuid="fdfdcdd9-b2be-4c2d-abdb-369552c613ae">
      <id>1259</id>
      <classname>org.openmrs.api.db.SerializedObject</classname>
      <dateChanged id="290">2016-02-10 13:01:56</dateChanged>
      <retired>false</retired>
    </org.openmrs.module.metadatasharing.Item>
    <org.openmrs.module.metadatasharing.Item id="291" uuid="0b3b39ca-57c3-4137-920b-6d2408a24b79">
      <id>1340</id>
      <classname>org.openmrs.api.db.SerializedObject</classname>
      <dateChanged id="292">2016-02-17 08:43:40</dateChanged>
      <retired>false</retired>
    </org.openmrs.module.metadatasharing.Item>
    <org.openmrs.module.metadatasharing.Item id="293" uuid="a3f7acf1-d32a-499c-a1be-2ed7463faee6">
      <id>1324</id>
      <classname>org.openmrs.api.db.SerializedObject</classname>
      <dateChanged id="294">2016-02-15 14:23:17</dateChanged>
      <retired>false</retired>
    </org.openmrs.module.metadatasharing.Item>
    <org.openmrs.module.metadatasharing.Item id="295" uuid="86f1836a-0e30-4afe-bf8e-320c33c745f2">
      <id>1248</id>
      <classname>org.openmrs.api.db.SerializedObject</classname>
      <dateChanged id="296">2016-02-10 08:38:44</dateChanged>
      <retired>false</retired>
    </org.openmrs.module.metadatasharing.Item>
    <org.openmrs.module.metadatasharing.Item id="297" uuid="ab6704d7-ca5f-458d-a729-ac8d0cca25b4">
      <id>1214</id>
      <classname>org.openmrs.api.db.SerializedObject</classname>
      <dateChanged id="298">2016-02-08 15:21:09</dateChanged>
      <retired>false</retired>
    </org.openmrs.module.metadatasharing.Item>
    <org.openmrs.module.metadatasharing.Item id="299" uuid="d3983649-45ec-4c10-b35f-4b00b9842fa4">
      <id>1327</id>
      <classname>org.openmrs.api.db.SerializedObject</classname>
      <dateChanged id="300">2016-02-16 08:18:36</dateChanged>
      <retired>false</retired>
    </org.openmrs.module.metadatasharing.Item>
    <org.openmrs.module.metadatasharing.Item id="301" uuid="ef4a3fff-ab03-47af-a1d0-9be35149e633">
      <id>1260</id>
      <classname>org.openmrs.api.db.SerializedObject</classname>
      <dateChanged id="302">2016-02-10 13:05:43</dateChanged>
      <retired>false</retired>
    </org.openmrs.module.metadatasharing.Item>
    <org.openmrs.module.metadatasharing.Item id="303" uuid="9bc4330b-5e04-4db3-b218-a5a240712729">
      <id>1305</id>
      <classname>org.openmrs.api.db.SerializedObject</classname>
      <dateChanged id="304">2016-02-15 10:05:30</dateChanged>
      <retired>false</retired>
    </org.openmrs.module.metadatasharing.Item>
    <org.openmrs.module.metadatasharing.Item id="305" uuid="acc63a61-84d6-4b8f-a539-f8693d399869">
      <id>1212</id>
      <classname>org.openmrs.api.db.SerializedObject</classname>
      <dateChanged id="306">2016-02-08 15:22:34</dateChanged>
      <retired>false</retired>
    </org.openmrs.module.metadatasharing.Item>
    <org.openmrs.module.metadatasharing.Item id="307" uuid="ae7d32b2-8141-47f8-8744-9a66e1b59db8">
      <id>1360</id>
      <classname>org.openmrs.api.db.SerializedObject</classname>
      <dateChanged id="308">2016-02-22 14:07:43</dateChanged>
      <retired>false</retired>
    </org.openmrs.module.metadatasharing.Item>
    <org.openmrs.module.metadatasharing.Item id="309" uuid="0481cf45-2cd7-4b6b-bc8f-76633cee6280">
      <id>1235</id>
      <classname>org.openmrs.api.db.SerializedObject</classname>
      <dateChanged id="310">2016-02-09 13:52:24</dateChanged>
      <retired>false</retired>
    </org.openmrs.module.metadatasharing.Item>
    <org.openmrs.module.metadatasharing.Item id="311" uuid="7cf0f9d0-daf0-451e-8750-ff9162b86e46">
      <id>1378</id>
      <classname>org.openmrs.api.db.SerializedObject</classname>
      <dateChanged id="312">2016-02-23 14:24:43</dateChanged>
      <retired>false</retired>
    </org.openmrs.module.metadatasharing.Item>
    <org.openmrs.module.metadatasharing.Item id="313" uuid="8299eb09-df37-4e14-a340-e9e26d73413d">
      <id>1325</id>
      <classname>org.openmrs.api.db.SerializedObject</classname>
      <dateChanged id="314">2016-02-16 07:34:22</dateChanged>
      <retired>false</retired>
    </org.openmrs.module.metadatasharing.Item>
    <org.openmrs.module.metadatasharing.Item id="315" uuid="b1748b39-b27b-43ae-b92d-bcdea766c81f">
      <id>1319</id>
      <classname>org.openmrs.api.db.SerializedObject</classname>
      <dateChanged id="316">2016-02-15 14:00:28</dateChanged>
      <retired>false</retired>
    </org.openmrs.module.metadatasharing.Item>
    <org.openmrs.module.metadatasharing.Item id="317" uuid="55014fce-4c43-4e37-aa27-fcb02e1584b4">
      <id>1233</id>
      <classname>org.openmrs.api.db.SerializedObject</classname>
      <dateChanged id="318">2016-02-09 13:36:29</dateChanged>
      <retired>false</retired>
    </org.openmrs.module.metadatasharing.Item>
    <org.openmrs.module.metadatasharing.Item id="319" uuid="f00aa388-61cd-4817-b579-439df37ed1eb">
      <id>1227</id>
      <classname>org.openmrs.api.db.SerializedObject</classname>
      <dateChanged id="320">2016-02-09 10:26:22</dateChanged>
      <retired>false</retired>
    </org.openmrs.module.metadatasharing.Item>
    <org.openmrs.module.metadatasharing.Item id="321" uuid="adb75f91-41cc-4aa6-a583-263cc47503d1">
      <id>1290</id>
      <classname>org.openmrs.api.db.SerializedObject</classname>
      <dateChanged id="322">2016-02-11 10:49:20</dateChanged>
      <retired>false</retired>
    </org.openmrs.module.metadatasharing.Item>
    <org.openmrs.module.metadatasharing.Item id="323" uuid="e7ccb385-ae5a-4fff-9e95-0d65b64f0e7b">
      <id>1342</id>
      <classname>org.openmrs.api.db.SerializedObject</classname>
      <dateChanged id="324">2016-02-19 09:51:22</dateChanged>
      <retired>false</retired>
    </org.openmrs.module.metadatasharing.Item>
    <org.openmrs.module.metadatasharing.Item id="325" uuid="9219c4ac-e243-4d75-a809-bc0c271354fe">
      <id>1300</id>
      <classname>org.openmrs.api.db.SerializedObject</classname>
      <dateChanged id="326">2016-02-15 08:25:04</dateChanged>
      <retired>false</retired>
    </org.openmrs.module.metadatasharing.Item>
    <org.openmrs.module.metadatasharing.Item id="327" uuid="29d93f73-f0a1-41f2-8577-6524694a1cae">
      <id>1330</id>
      <classname>org.openmrs.api.db.SerializedObject</classname>
      <dateChanged id="328">2016-02-19 10:37:25</dateChanged>
      <retired>false</retired>
    </org.openmrs.module.metadatasharing.Item>
    <org.openmrs.module.metadatasharing.Item id="329" uuid="2a2c46e2-ebe8-41fe-8a04-9c1855b7ad6d">
      <id>1343</id>
      <classname>org.openmrs.api.db.SerializedObject</classname>
      <dateChanged id="330">2016-02-22 07:43:29</dateChanged>
      <retired>false</retired>
    </org.openmrs.module.metadatasharing.Item>
    <org.openmrs.module.metadatasharing.Item id="331" uuid="5363141f-4c41-4d34-9fa6-396694f598e0">
      <id>1264</id>
      <classname>org.openmrs.api.db.SerializedObject</classname>
      <dateChanged id="332">2016-02-10 13:24:23</dateChanged>
      <retired>false</retired>
    </org.openmrs.module.metadatasharing.Item>
    <org.openmrs.module.metadatasharing.Item id="333" uuid="f5645d08-cc22-40f1-8999-2c0c69eecb2a">
      <id>1318</id>
      <classname>org.openmrs.api.db.SerializedObject</classname>
      <dateChanged id="334">2016-02-15 13:26:01</dateChanged>
      <retired>false</retired>
    </org.openmrs.module.metadatasharing.Item>
    <org.openmrs.module.metadatasharing.Item id="335" uuid="8c434fa1-fbb8-46ef-8b7e-a9bcff6e7044">
      <id>1261</id>
      <classname>org.openmrs.api.db.SerializedObject</classname>
      <dateChanged id="336">2016-02-10 13:13:23</dateChanged>
      <retired>false</retired>
    </org.openmrs.module.metadatasharing.Item>
    <org.openmrs.module.metadatasharing.Item id="337" uuid="ff0ee94b-f0cd-4869-bf23-64ebd1e4e86c">
      <id>1334</id>
      <classname>org.openmrs.api.db.SerializedObject</classname>
      <dateChanged id="338">2016-02-16 13:56:33</dateChanged>
      <retired>false</retired>
    </org.openmrs.module.metadatasharing.Item>
    <org.openmrs.module.metadatasharing.Item id="339" uuid="bc568553-04b0-46f6-9872-f9a71a1f16f3">
      <id>1217</id>
      <classname>org.openmrs.api.db.SerializedObject</classname>
      <dateChanged id="340">2016-02-08 15:14:08</dateChanged>
      <retired>false</retired>
    </org.openmrs.module.metadatasharing.Item>
    <org.openmrs.module.metadatasharing.Item id="341" uuid="594908f7-0902-447e-91b0-367b6f1ed0c0">
      <id>1323</id>
      <classname>org.openmrs.api.db.SerializedObject</classname>
      <dateChanged id="342">2016-02-15 14:21:25</dateChanged>
      <retired>false</retired>
    </org.openmrs.module.metadatasharing.Item>
    <org.openmrs.module.metadatasharing.Item id="343" uuid="5c9ce152-bcd7-4493-8414-ddc81466a981">
      <id>1257</id>
      <classname>org.openmrs.api.db.SerializedObject</classname>
      <dateChanged id="344">2016-02-10 12:40:29</dateChanged>
      <retired>false</retired>
    </org.openmrs.module.metadatasharing.Item>
    <org.openmrs.module.metadatasharing.Item id="345" uuid="f01cbad3-5b8b-4427-82d9-59d019e6f495">
      <id>1397</id>
      <classname>org.openmrs.api.db.SerializedObject</classname>
      <dateChanged id="346">2016-02-24 09:50:36</dateChanged>
      <retired>false</retired>
    </org.openmrs.module.metadatasharing.Item>
    <org.openmrs.module.metadatasharing.Item id="347" uuid="c73c70a8-0446-46e2-a810-a74acc0d5daa">
      <id>1317</id>
      <classname>org.openmrs.api.db.SerializedObject</classname>
      <dateChanged id="348">2016-02-15 13:17:04</dateChanged>
      <retired>false</retired>
    </org.openmrs.module.metadatasharing.Item>
    <org.openmrs.module.metadatasharing.Item id="349" uuid="3a12c651-a72a-4cf1-86a2-fa70030d9b4a">
      <id>1268</id>
      <classname>org.openmrs.api.db.SerializedObject</classname>
      <dateChanged id="350">2016-02-10 13:57:43</dateChanged>
      <retired>false</retired>
    </org.openmrs.module.metadatasharing.Item>
    <org.openmrs.module.metadatasharing.Item id="351" uuid="8b3cc51e-7dbe-4edc-a26f-b610b5ea3cf5">
      <id>1273</id>
      <classname>org.openmrs.api.db.SerializedObject</classname>
      <dateChanged id="352">2016-02-11 08:14:03</dateChanged>
      <retired>false</retired>
    </org.openmrs.module.metadatasharing.Item>
    <org.openmrs.module.metadatasharing.Item id="353" uuid="4d1a2691-3ac0-4e46-b531-262212d27cc4">
      <id>1361</id>
      <classname>org.openmrs.api.db.SerializedObject</classname>
      <dateChanged id="354">2016-02-23 12:53:21</dateChanged>
      <retired>false</retired>
    </org.openmrs.module.metadatasharing.Item>
    <org.openmrs.module.metadatasharing.Item id="355" uuid="41a0839b-4272-44d7-8787-0db18afeeb2c">
      <id>1349</id>
      <classname>org.openmrs.api.db.SerializedObject</classname>
      <dateChanged id="356">2016-02-22 09:24:42</dateChanged>
      <retired>false</retired>
    </org.openmrs.module.metadatasharing.Item>
    <org.openmrs.module.metadatasharing.Item id="357" uuid="d9ed3e9b-e2a0-4d87-a464-0e72749ee638">
      <id>1351</id>
      <classname>org.openmrs.api.db.SerializedObject</classname>
      <dateChanged id="358">2016-02-22 10:09:51</dateChanged>
      <retired>false</retired>
    </org.openmrs.module.metadatasharing.Item>
    <org.openmrs.module.metadatasharing.Item id="359" uuid="7e010683-508b-427f-ae4e-ed1046900676">
      <id>1209</id>
      <classname>org.openmrs.api.db.SerializedObject</classname>
      <dateChanged id="360">2016-02-11 13:02:37</dateChanged>
      <retired>false</retired>
    </org.openmrs.module.metadatasharing.Item>
    <org.openmrs.module.metadatasharing.Item id="361" uuid="a306a011-c44c-440c-9d1e-f49931a26f47">
      <id>1281</id>
      <classname>org.openmrs.api.db.SerializedObject</classname>
      <dateChanged id="362">2016-02-11 09:09:05</dateChanged>
      <retired>false</retired>
    </org.openmrs.module.metadatasharing.Item>
    <org.openmrs.module.metadatasharing.Item id="363" uuid="b03cff54-ab23-42e9-82c8-bd760eb69449">
      <id>1234</id>
      <classname>org.openmrs.api.db.SerializedObject</classname>
      <dateChanged id="364">2016-02-09 13:42:57</dateChanged>
      <retired>false</retired>
    </org.openmrs.module.metadatasharing.Item>
    <org.openmrs.module.metadatasharing.Item id="365" uuid="eda2998c-282d-46cd-9aac-c68abf0a8286">
      <id>1280</id>
      <classname>org.openmrs.api.db.SerializedObject</classname>
      <dateChanged id="366">2016-02-11 09:03:48</dateChanged>
      <retired>false</retired>
    </org.openmrs.module.metadatasharing.Item>
    <org.openmrs.module.metadatasharing.Item id="367" uuid="aa1c805c-4521-4294-971f-df379ee32a0f">
      <id>1274</id>
      <classname>org.openmrs.api.db.SerializedObject</classname>
      <dateChanged id="368">2016-02-11 08:17:01</dateChanged>
      <retired>false</retired>
    </org.openmrs.module.metadatasharing.Item>
    <org.openmrs.module.metadatasharing.Item id="369" uuid="1ead56e6-ecda-4a3c-ad59-04461d0bcf46">
      <id>1353</id>
      <classname>org.openmrs.api.db.SerializedObject</classname>
      <dateChanged id="370">2016-02-22 12:27:57</dateChanged>
      <retired>false</retired>
    </org.openmrs.module.metadatasharing.Item>
    <org.openmrs.module.metadatasharing.Item id="371" uuid="3dd4e720-6526-4513-b2a4-de899606f1ac">
      <id>1316</id>
      <classname>org.openmrs.api.db.SerializedObject</classname>
      <dateChanged id="372">2016-02-15 13:08:40</dateChanged>
      <retired>false</retired>
    </org.openmrs.module.metadatasharing.Item>
    <org.openmrs.module.metadatasharing.Item id="373" uuid="81cf2587-8bc0-42db-a40f-63e378a38af2">
      <id>1223</id>
      <classname>org.openmrs.api.db.SerializedObject</classname>
      <dateChanged id="374">2016-02-09 09:10:51</dateChanged>
      <retired>false</retired>
    </org.openmrs.module.metadatasharing.Item>
    <org.openmrs.module.metadatasharing.Item id="375" uuid="c299299d-e6ea-456a-8206-dbd3d4201c8e">
      <id>1315</id>
      <classname>org.openmrs.api.db.SerializedObject</classname>
      <dateChanged id="376">2016-02-15 13:03:30</dateChanged>
      <retired>false</retired>
    </org.openmrs.module.metadatasharing.Item>
    <org.openmrs.module.metadatasharing.Item id="377" uuid="c25bf2aa-ffca-4896-9028-083f3c0851e5">
      <id>1321</id>
      <classname>org.openmrs.api.db.SerializedObject</classname>
      <dateChanged id="378">2016-02-15 14:10:15</dateChanged>
      <retired>false</retired>
    </org.openmrs.module.metadatasharing.Item>
    <org.openmrs.module.metadatasharing.Item id="379" uuid="e1c1b1d8-6e9a-47f3-90f1-07a51eef88b8">
      <id>1337</id>
      <classname>org.openmrs.api.db.SerializedObject</classname>
      <dateChanged id="380">2016-02-16 14:13:07</dateChanged>
      <retired>false</retired>
    </org.openmrs.module.metadatasharing.Item>
    <org.openmrs.module.metadatasharing.Item id="381" uuid="99cdfa90-d09e-492d-a22b-63103d3d6c3a">
      <id>1386</id>
      <classname>org.openmrs.api.db.SerializedObject</classname>
      <dateChanged id="382">2016-02-24 07:36:45</dateChanged>
      <retired>false</retired>
    </org.openmrs.module.metadatasharing.Item>
    <org.openmrs.module.metadatasharing.Item id="383" uuid="2d27e23b-c8e3-4252-84e3-80ff03447f0d">
      <id>1208</id>
      <classname>org.openmrs.api.db.SerializedObject</classname>
      <dateChanged id="384">2016-02-08 10:30:27</dateChanged>
      <retired>false</retired>
    </org.openmrs.module.metadatasharing.Item>
    <org.openmrs.module.metadatasharing.Item id="385" uuid="fe05bcee-49c3-4f3c-a2d6-4b0e118f39e1">
      <id>1329</id>
      <classname>org.openmrs.api.db.SerializedObject</classname>
      <dateChanged id="386">2016-02-16 09:04:52</dateChanged>
      <retired>false</retired>
    </org.openmrs.module.metadatasharing.Item>
    <org.openmrs.module.metadatasharing.Item id="387" uuid="35c0971f-f869-49cc-9ed9-3ae30440b304">
      <id>1224</id>
      <classname>org.openmrs.api.db.SerializedObject</classname>
      <dateChanged id="388">2016-02-09 09:22:47</dateChanged>
      <retired>false</retired>
    </org.openmrs.module.metadatasharing.Item>
    <org.openmrs.module.metadatasharing.Item id="389" uuid="0855f685-d97f-4cac-b115-0c090e141984">
      <id>67</id>
      <classname>org.openmrs.module.reporting.report.ReportDesign</classname>
      <dateChanged id="390">2016-02-11 15:15:17</dateChanged>
      <retired>false</retired>
    </org.openmrs.module.metadatasharing.Item>
    <org.openmrs.module.metadatasharing.Item id="391" uuid="de690154-b550-43a0-a0ec-48a25ebb0109">
      <id>69</id>
      <classname>org.openmrs.module.reporting.report.ReportDesign</classname>
      <dateChanged id="392">2016-02-24 13:02:39</dateChanged>
      <retired>false</retired>
    </org.openmrs.module.metadatasharing.Item>
    <org.openmrs.module.metadatasharing.Item id="393" uuid="773729f3-aead-4673-af56-5b3512dbd5b1">
      <id>64</id>
      <classname>org.openmrs.module.reporting.report.ReportDesignResource</classname>
      <dateChanged id="394">2016-02-11 15:15:17</dateChanged>
      <retired>false</retired>
    </org.openmrs.module.metadatasharing.Item>
    <org.openmrs.module.metadatasharing.Item id="395" uuid="3cc08202-1d8a-4d8a-9ab1-6fc79f441289">
      <id>66</id>
      <classname>org.openmrs.module.reporting.report.ReportDesignResource</classname>
      <dateChanged id="396">2016-02-24 13:02:39</dateChanged>
      <retired>false</retired>
    </org.openmrs.module.metadatasharing.Item>
  </items>
  <relatedItems class="linked-hash-set" id="397">
    <org.openmrs.module.metadatasharing.Item id="398" uuid="7b81d1b9-257d-4046-acf0-7a2cbc17d244">
      <id>1207</id>
      <classname>org.openmrs.module.reporting.report.definition.PeriodIndicatorReportDefinition</classname>
      <dateChanged id="399">2016-02-08 13:24:29</dateChanged>
      <retired>false</retired>
    </org.openmrs.module.metadatasharing.Item>
    <org.openmrs.module.metadatasharing.Item id="400" uuid="a481356d-cd8a-4e61-a774-64ca438d62fa">
      <id>1295</id>
      <classname>org.openmrs.module.reporting.report.definition.PeriodIndicatorReportDefinition</classname>
      <dateChanged id="401">2016-02-15 08:07:46</dateChanged>
      <retired>false</retired>
    </org.openmrs.module.metadatasharing.Item>
  </relatedItems>
</package>
