<?xml version="1.0" encoding="UTF-8"?>
<package id="1" uuid="6b3a5c04-4913-4d8d-ab24-4fe28026e0c9">
  <dateCreated id="2">2017-05-17 08:37:58</dateCreated>
  <name>CPN_CCR_REPORTS</name>
  <description>CPN and CCR REPORTS for cohorts</description>
  <openmrsVersion>1.11.5  Build a0c979</openmrsVersion>
  <version>3</version>
  <groupUuid>e78733cf-95bc-455d-be39-3b097235b38c</groupUuid>
  <modules id="3">
    <entry>
      <string>uilibrary</string>
      <string>1.5</string>
    </entry>
    <entry>
      <string>webservices.rest</string>
      <string>2.16.e045a4</string>
    </entry>
    <entry>
      <string>htmlformentry</string>
      <string>3.2</string>
    </entry>
    <entry>
      <string>patientsummary</string>
      <string>2.0</string>
    </entry>
    <entry>
      <string>reportingmds</string>
      <string>1.0-SNAPSHOT</string>
    </entry>
    <entry>
      <string>openhmis.commons</string>
      <string>3.4.3</string>
    </entry>
    <entry>
      <string>calculation</string>
      <string>1.1</string>
    </entry>
    <entry>
      <string>providermanagement</string>
      <string>2.3</string>
    </entry>
    <entry>
      <string>sync</string>
      <string>1.2</string>
    </entry>
    <entry>
      <string>jasperreport</string>
      <string>1.5.8</string>
    </entry>
    <entry>
      <string>event</string>
      <string>2.2.1</string>
    </entry>
    <entry>
      <string>openhmis.backboneforms</string>
      <string>2.4.0</string>
    </entry>
    <entry>
      <string>formfilter</string>
      <string>1.0.0</string>
    </entry>
    <entry>
      <string>bahmniapps</string>
      <string>0.74-SNAPSHOT</string>
    </entry>
    <entry>
      <string>htmlformentry19ext</string>
      <string>1.7</string>
    </entry>
    <entry>
      <string>reference-data</string>
      <string>0.74-SNAPSHOT</string>
    </entry>
    <entry>
      <string>addresshierarchy</string>
      <string>2.9-SNAPSHOT</string>
    </entry>
    <entry>
      <string>dataentrystatistics</string>
      <string>1.3.2</string>
    </entry>
    <entry>
      <string>serialization.xstream</string>
      <string>0.2.9</string>
    </entry>
    <entry>
      <string>htmlwidgets</string>
      <string>1.7.0</string>
    </entry>
    <entry>
      <string>reportingcompatibility</string>
      <string>1.5.8</string>
    </entry>
    <entry>
      <string>groovy</string>
      <string>2.2.4</string>
    </entry>
    <entry>
      <string>uiframework</string>
      <string>3.4</string>
    </entry>
    <entry>
      <string>bahmnicore</string>
      <string>0.77-SNAPSHOT</string>
    </entry>
    <entry>
      <string>metadatamapping</string>
      <string>1.0.2</string>
    </entry>
    <entry>
      <string>patientflags</string>
      <string>1.3.4</string>
    </entry>
    <entry>
      <string>reportingrest</string>
      <string>1.6</string>
    </entry>
    <entry>
      <string>appframework</string>
      <string>2.1</string>
    </entry>
    <entry>
      <string>logic</string>
      <string>0.5.2</string>
    </entry>
    <entry>
      <string>idgen-webservices</string>
      <string>1.0</string>
    </entry>
    <entry>
      <string>emrapi</string>
      <string>1.11.1</string>
    </entry>
    <entry>
      <string>openmrs-atomfeed</string>
      <string>2.4-SNAPSHOT</string>
    </entry>
    <entry>
      <string>idgen</string>
      <string>2.9.1</string>
    </entry>
    <entry>
      <string>databasebackup</string>
      <string>1.0</string>
    </entry>
    <entry>
      <string>metadatasharing</string>
      <string>1.2</string>
    </entry>
    <entry>
      <string>reporting</string>
      <string>0.9.9</string>
    </entry>
    <entry>
      <string>gaac</string>
      <string>1.0-SNAPSHOT</string>
    </entry>
  </modules>
  <items class="linked-hash-set" id="4">
    <org.openmrs.module.metadatasharing.Item id="5" uuid="7e15a904-07e5-4848-b495-22355abd3819">
      <id>2119</id>
      <classname>org.openmrs.api.db.SerializedObject</classname>
      <dateChanged id="6">2017-05-08 08:13:26</dateChanged>
      <retired>false</retired>
    </org.openmrs.module.metadatasharing.Item>
    <org.openmrs.module.metadatasharing.Item id="7" uuid="7ff3279d-8266-4402-8878-f9e50153aaea">
      <id>2321</id>
      <classname>org.openmrs.api.db.SerializedObject</classname>
      <dateChanged id="8">2017-05-07 22:52:42</dateChanged>
      <retired>false</retired>
    </org.openmrs.module.metadatasharing.Item>
    <org.openmrs.module.metadatasharing.Item id="9" uuid="6f4937fd-0d54-4be6-8b37-99547fac44ae">
      <id>2397</id>
      <classname>org.openmrs.api.db.SerializedObject</classname>
      <dateChanged id="10">2017-05-16 11:01:22</dateChanged>
      <retired>false</retired>
    </org.openmrs.module.metadatasharing.Item>
    <org.openmrs.module.metadatasharing.Item id="11" uuid="175302de-c00b-48fa-a942-dd66625db370">
      <id>2122</id>
      <classname>org.openmrs.api.db.SerializedObject</classname>
      <dateChanged id="12">2017-05-08 08:13:26</dateChanged>
      <retired>false</retired>
    </org.openmrs.module.metadatasharing.Item>
    <org.openmrs.module.metadatasharing.Item id="13" uuid="ba89a112-f1e9-40db-9fd7-3c3c05095c9d">
      <id>2124</id>
      <classname>org.openmrs.api.db.SerializedObject</classname>
      <dateChanged id="14">2017-05-08 08:13:26</dateChanged>
      <retired>false</retired>
    </org.openmrs.module.metadatasharing.Item>
    <org.openmrs.module.metadatasharing.Item id="15" uuid="a49953bf-470c-4056-ac0e-6a27543007d5">
      <id>674</id>
      <classname>org.openmrs.api.db.SerializedObject</classname>
      <dateChanged id="16">2016-01-29 09:50:45</dateChanged>
      <retired>false</retired>
    </org.openmrs.module.metadatasharing.Item>
    <org.openmrs.module.metadatasharing.Item id="17" uuid="2e67943c-62ed-4dc9-a456-9a1e8d6ac8cd">
      <id>2123</id>
      <classname>org.openmrs.api.db.SerializedObject</classname>
      <dateChanged id="18">2017-05-10 13:46:05</dateChanged>
      <retired>false</retired>
    </org.openmrs.module.metadatasharing.Item>
    <org.openmrs.module.metadatasharing.Item id="19" uuid="7d774f36-1aa4-44d6-8002-88218c835118">
      <id>2323</id>
      <classname>org.openmrs.api.db.SerializedObject</classname>
      <dateChanged id="20">2017-03-05 22:44:28</dateChanged>
      <retired>false</retired>
    </org.openmrs.module.metadatasharing.Item>
    <org.openmrs.module.metadatasharing.Item id="21" uuid="cfeb7c27-d00c-4e78-b20c-a7970dc73c30">
      <id>2126</id>
      <classname>org.openmrs.api.db.SerializedObject</classname>
      <dateChanged id="22">2016-02-23 11:58:03</dateChanged>
      <retired>false</retired>
    </org.openmrs.module.metadatasharing.Item>
    <org.openmrs.module.metadatasharing.Item id="23" uuid="c816e628-535b-426f-bb3b-317309ee498f">
      <id>2371</id>
      <classname>org.openmrs.api.db.SerializedObject</classname>
      <dateChanged id="24">2017-05-16 07:29:57</dateChanged>
      <retired>false</retired>
    </org.openmrs.module.metadatasharing.Item>
    <org.openmrs.module.metadatasharing.Item id="25" uuid="742ec3f7-4780-4c49-8656-d1b433be0aac">
      <id>2127</id>
      <classname>org.openmrs.api.db.SerializedObject</classname>
      <dateChanged id="26">2016-02-23 10:53:12</dateChanged>
      <retired>false</retired>
    </org.openmrs.module.metadatasharing.Item>
    <org.openmrs.module.metadatasharing.Item id="27" uuid="4638c73f-9096-4818-a7f5-d20a3749e787">
      <id>2128</id>
      <classname>org.openmrs.api.db.SerializedObject</classname>
      <dateChanged id="28">2017-05-16 14:40:47</dateChanged>
      <retired>false</retired>
    </org.openmrs.module.metadatasharing.Item>
    <org.openmrs.module.metadatasharing.Item id="29" uuid="6685c281-5505-434f-b734-7f919cfc48a7">
      <id>2129</id>
      <classname>org.openmrs.api.db.SerializedObject</classname>
      <dateChanged id="30">2017-05-08 08:13:26</dateChanged>
      <retired>false</retired>
    </org.openmrs.module.metadatasharing.Item>
    <org.openmrs.module.metadatasharing.Item id="31" uuid="e44f9531-ce30-4db7-9016-6125f9c17be3">
      <id>2130</id>
      <classname>org.openmrs.api.db.SerializedObject</classname>
      <dateChanged id="32">2017-05-08 08:13:26</dateChanged>
      <retired>false</retired>
    </org.openmrs.module.metadatasharing.Item>
    <org.openmrs.module.metadatasharing.Item id="33" uuid="24cb2fbe-9054-4dc2-9455-63519c8a7010">
      <id>2131</id>
      <classname>org.openmrs.api.db.SerializedObject</classname>
      <dateChanged id="34">2017-05-08 08:13:26</dateChanged>
      <retired>false</retired>
    </org.openmrs.module.metadatasharing.Item>
    <org.openmrs.module.metadatasharing.Item id="35" uuid="c97da386-860d-4815-bc1f-bb2078bc8d7c">
      <id>2133</id>
      <classname>org.openmrs.api.db.SerializedObject</classname>
      <dateChanged id="36">2017-05-15 08:35:13</dateChanged>
      <retired>false</retired>
    </org.openmrs.module.metadatasharing.Item>
    <org.openmrs.module.metadatasharing.Item id="37" uuid="653d6a82-8255-4fb3-ac60-28c90885a451">
      <id>2134</id>
      <classname>org.openmrs.api.db.SerializedObject</classname>
      <dateChanged id="38">2017-05-10 13:20:39</dateChanged>
      <retired>false</retired>
    </org.openmrs.module.metadatasharing.Item>
    <org.openmrs.module.metadatasharing.Item id="39" uuid="e939053b-4599-47f8-bd6c-33840d53b763">
      <id>2135</id>
      <classname>org.openmrs.api.db.SerializedObject</classname>
      <dateChanged id="40">2017-05-16 08:21:45</dateChanged>
      <retired>false</retired>
    </org.openmrs.module.metadatasharing.Item>
    <org.openmrs.module.metadatasharing.Item id="41" uuid="2e6df775-803d-4ea9-8c29-431ac773f1d7">
      <id>2136</id>
      <classname>org.openmrs.api.db.SerializedObject</classname>
      <dateChanged id="42">2017-05-08 08:13:26</dateChanged>
      <retired>false</retired>
    </org.openmrs.module.metadatasharing.Item>
    <org.openmrs.module.metadatasharing.Item id="43" uuid="c693d674-5481-4be5-91a1-c546c095b8bc">
      <id>2137</id>
      <classname>org.openmrs.api.db.SerializedObject</classname>
      <dateChanged id="44">2017-05-12 08:44:50</dateChanged>
      <retired>false</retired>
    </org.openmrs.module.metadatasharing.Item>
    <org.openmrs.module.metadatasharing.Item id="45" uuid="8b982706-da62-48f9-9368-2475b1656ead">
      <id>2138</id>
      <classname>org.openmrs.api.db.SerializedObject</classname>
      <dateChanged id="46">2017-05-08 08:13:26</dateChanged>
      <retired>false</retired>
    </org.openmrs.module.metadatasharing.Item>
    <org.openmrs.module.metadatasharing.Item id="47" uuid="877adb7b-aecd-40bc-b228-619a8e8dcca6">
      <id>2372</id>
      <classname>org.openmrs.api.db.SerializedObject</classname>
      <dateChanged id="48">2017-05-16 14:52:32</dateChanged>
      <retired>false</retired>
    </org.openmrs.module.metadatasharing.Item>
    <org.openmrs.module.metadatasharing.Item id="49" uuid="91675a93-3cb2-459b-92e7-34cb76ceec01">
      <id>2380</id>
      <classname>org.openmrs.api.db.SerializedObject</classname>
      <dateChanged id="50">2017-05-16 08:46:42</dateChanged>
      <retired>false</retired>
    </org.openmrs.module.metadatasharing.Item>
    <org.openmrs.module.metadatasharing.Item id="51" uuid="5faa0b64-33d5-4b38-9895-cfbeb70dc8bd">
      <id>2140</id>
      <classname>org.openmrs.api.db.SerializedObject</classname>
      <dateChanged id="52">2017-05-11 10:15:04</dateChanged>
      <retired>false</retired>
    </org.openmrs.module.metadatasharing.Item>
    <org.openmrs.module.metadatasharing.Item id="53" uuid="353279e3-1c1e-4465-8398-658db685751b">
      <id>2141</id>
      <classname>org.openmrs.api.db.SerializedObject</classname>
      <dateChanged id="54">2017-05-08 08:13:26</dateChanged>
      <retired>false</retired>
    </org.openmrs.module.metadatasharing.Item>
    <org.openmrs.module.metadatasharing.Item id="55" uuid="258c4937-58f3-4298-bff6-832660bd5daa">
      <id>2404</id>
      <classname>org.openmrs.api.db.SerializedObject</classname>
      <dateChanged id="56">2017-05-16 14:33:42</dateChanged>
      <retired>false</retired>
    </org.openmrs.module.metadatasharing.Item>
    <org.openmrs.module.metadatasharing.Item id="57" uuid="25cac359-afff-46a9-95ad-957b5c4c5bb7">
      <id>2142</id>
      <classname>org.openmrs.api.db.SerializedObject</classname>
      <dateChanged id="58">2017-05-08 08:13:26</dateChanged>
      <retired>false</retired>
    </org.openmrs.module.metadatasharing.Item>
    <org.openmrs.module.metadatasharing.Item id="59" uuid="d6a68bba-9ca5-4c8a-96cc-563ec8279fb4">
      <id>2385</id>
      <classname>org.openmrs.api.db.SerializedObject</classname>
      <dateChanged id="60">2017-05-16 09:33:50</dateChanged>
      <retired>false</retired>
    </org.openmrs.module.metadatasharing.Item>
    <org.openmrs.module.metadatasharing.Item id="61" uuid="56a3b4f8-9085-428c-926d-22904cac0f91">
      <id>2143</id>
      <classname>org.openmrs.api.db.SerializedObject</classname>
      <dateChanged id="62">2017-05-16 08:59:58</dateChanged>
      <retired>false</retired>
    </org.openmrs.module.metadatasharing.Item>
    <org.openmrs.module.metadatasharing.Item id="63" uuid="bc8234c4-7f5a-445d-801c-d5fd0d698140">
      <id>2144</id>
      <classname>org.openmrs.api.db.SerializedObject</classname>
      <dateChanged id="64">2017-05-08 08:13:26</dateChanged>
      <retired>false</retired>
    </org.openmrs.module.metadatasharing.Item>
    <org.openmrs.module.metadatasharing.Item id="65" uuid="85956395-41cf-4b82-816c-c8d164faa05d">
      <id>2146</id>
      <classname>org.openmrs.api.db.SerializedObject</classname>
      <dateChanged id="66">2017-05-12 09:54:51</dateChanged>
      <retired>false</retired>
    </org.openmrs.module.metadatasharing.Item>
    <org.openmrs.module.metadatasharing.Item id="67" uuid="00791dce-f0c8-4583-a988-47c539f3dfaa">
      <id>2147</id>
      <classname>org.openmrs.api.db.SerializedObject</classname>
      <dateChanged id="68">2017-05-08 08:13:26</dateChanged>
      <retired>false</retired>
    </org.openmrs.module.metadatasharing.Item>
    <org.openmrs.module.metadatasharing.Item id="69" uuid="6c36eaaf-2430-42e7-81a7-f2d8e9d7afaa">
      <id>2148</id>
      <classname>org.openmrs.api.db.SerializedObject</classname>
      <dateChanged id="70">2017-05-08 08:13:26</dateChanged>
      <retired>false</retired>
    </org.openmrs.module.metadatasharing.Item>
    <org.openmrs.module.metadatasharing.Item id="71" uuid="4daef9e9-54b6-4ddc-82d7-8e78f244c7b6">
      <id>2346</id>
      <classname>org.openmrs.api.db.SerializedObject</classname>
      <dateChanged id="72">2017-05-10 17:01:37</dateChanged>
      <retired>false</retired>
    </org.openmrs.module.metadatasharing.Item>
    <org.openmrs.module.metadatasharing.Item id="73" uuid="1f2cc937-55fe-43ae-83e4-719d4441ee0e">
      <id>2150</id>
      <classname>org.openmrs.api.db.SerializedObject</classname>
      <dateChanged id="74">2017-05-08 08:13:26</dateChanged>
      <retired>false</retired>
    </org.openmrs.module.metadatasharing.Item>
    <org.openmrs.module.metadatasharing.Item id="75" uuid="64b524e9-2fac-4e60-b960-645827114972">
      <id>2152</id>
      <classname>org.openmrs.api.db.SerializedObject</classname>
      <dateChanged id="76">2017-05-08 08:13:26</dateChanged>
      <retired>false</retired>
    </org.openmrs.module.metadatasharing.Item>
    <org.openmrs.module.metadatasharing.Item id="77" uuid="ae078d0a-9327-47ec-876b-f88cb52900a5">
      <id>2154</id>
      <classname>org.openmrs.api.db.SerializedObject</classname>
      <dateChanged id="78">2017-05-10 17:53:39</dateChanged>
      <retired>false</retired>
    </org.openmrs.module.metadatasharing.Item>
    <org.openmrs.module.metadatasharing.Item id="79" uuid="a8f25f32-f2c8-4077-8586-d64a639b3ba7">
      <id>2153</id>
      <classname>org.openmrs.api.db.SerializedObject</classname>
      <dateChanged id="80">2017-05-16 09:40:01</dateChanged>
      <retired>false</retired>
    </org.openmrs.module.metadatasharing.Item>
    <org.openmrs.module.metadatasharing.Item id="81" uuid="b5b4ba1b-df27-4578-882a-31c6e7ab4b7b">
      <id>2155</id>
      <classname>org.openmrs.api.db.SerializedObject</classname>
      <dateChanged id="82">2017-05-11 12:49:45</dateChanged>
      <retired>false</retired>
    </org.openmrs.module.metadatasharing.Item>
    <org.openmrs.module.metadatasharing.Item id="83" uuid="33470d3d-8ed5-4361-bd90-2aee2bd6cb3c">
      <id>2156</id>
      <classname>org.openmrs.api.db.SerializedObject</classname>
      <dateChanged id="84">2017-05-08 08:13:26</dateChanged>
      <retired>false</retired>
    </org.openmrs.module.metadatasharing.Item>
    <org.openmrs.module.metadatasharing.Item id="85" uuid="bd55bea3-899d-40e0-b3f4-da12f316d7cd">
      <id>2158</id>
      <classname>org.openmrs.api.db.SerializedObject</classname>
      <dateChanged id="86">2017-05-08 08:13:26</dateChanged>
      <retired>false</retired>
    </org.openmrs.module.metadatasharing.Item>
    <org.openmrs.module.metadatasharing.Item id="87" uuid="6be99aa8-22b2-4747-8b14-de110e4bdeba">
      <id>2157</id>
      <classname>org.openmrs.api.db.SerializedObject</classname>
      <dateChanged id="88">2017-05-11 09:38:27</dateChanged>
      <retired>false</retired>
    </org.openmrs.module.metadatasharing.Item>
    <org.openmrs.module.metadatasharing.Item id="89" uuid="f641e32a-b6a0-4534-8780-1e2b7510965b">
      <id>2405</id>
      <classname>org.openmrs.api.db.SerializedObject</classname>
      <dateChanged id="90">2017-05-16 14:28:25</dateChanged>
      <retired>false</retired>
    </org.openmrs.module.metadatasharing.Item>
    <org.openmrs.module.metadatasharing.Item id="91" uuid="3d659f9c-df4f-4523-8710-022a2493c9d6">
      <id>2161</id>
      <classname>org.openmrs.api.db.SerializedObject</classname>
      <dateChanged id="92">2017-05-12 09:50:08</dateChanged>
      <retired>false</retired>
    </org.openmrs.module.metadatasharing.Item>
    <org.openmrs.module.metadatasharing.Item id="93" uuid="a5b0c77f-ba54-48d0-a309-3acb203f3810">
      <id>2164</id>
      <classname>org.openmrs.api.db.SerializedObject</classname>
      <dateChanged id="94">2017-05-08 08:13:27</dateChanged>
      <retired>false</retired>
    </org.openmrs.module.metadatasharing.Item>
    <org.openmrs.module.metadatasharing.Item id="95" uuid="4b7fff77-69ca-4ff0-a20a-695b11a29e11">
      <id>2166</id>
      <classname>org.openmrs.api.db.SerializedObject</classname>
      <dateChanged id="96">2017-05-12 08:19:55</dateChanged>
      <retired>false</retired>
    </org.openmrs.module.metadatasharing.Item>
    <org.openmrs.module.metadatasharing.Item id="97" uuid="2e8e6ca3-2ec5-4ca2-8830-bfefd88bc840">
      <id>2168</id>
      <classname>org.openmrs.api.db.SerializedObject</classname>
      <dateChanged id="98">2017-05-16 14:43:45</dateChanged>
      <retired>false</retired>
    </org.openmrs.module.metadatasharing.Item>
    <org.openmrs.module.metadatasharing.Item id="99" uuid="3fe99091-bd16-43d6-a1d8-cdada6f77c9f">
      <id>2167</id>
      <classname>org.openmrs.api.db.SerializedObject</classname>
      <dateChanged id="100">2017-05-10 15:31:03</dateChanged>
      <retired>false</retired>
    </org.openmrs.module.metadatasharing.Item>
    <org.openmrs.module.metadatasharing.Item id="101" uuid="55a2e254-6edb-4d50-83ed-4880a5731ffd">
      <id>2366</id>
      <classname>org.openmrs.api.db.SerializedObject</classname>
      <dateChanged id="102">2017-05-12 08:33:44</dateChanged>
      <retired>false</retired>
    </org.openmrs.module.metadatasharing.Item>
    <org.openmrs.module.metadatasharing.Item id="103" uuid="834de0d2-f6fb-4f0e-8e51-51a7517430ce">
      <id>2320</id>
      <classname>org.openmrs.api.db.SerializedObject</classname>
      <dateChanged id="104">2017-05-07 22:42:25</dateChanged>
      <retired>false</retired>
    </org.openmrs.module.metadatasharing.Item>
    <org.openmrs.module.metadatasharing.Item id="105" uuid="da018649-449b-461f-a21f-84fe90f128ce">
      <id>2169</id>
      <classname>org.openmrs.api.db.SerializedObject</classname>
      <dateChanged id="106">2017-05-16 08:17:54</dateChanged>
      <retired>false</retired>
    </org.openmrs.module.metadatasharing.Item>
    <org.openmrs.module.metadatasharing.Item id="107" uuid="b2e59395-7390-4743-b3e0-d4f6db4534bc">
      <id>2170</id>
      <classname>org.openmrs.api.db.SerializedObject</classname>
      <dateChanged id="108">2016-02-23 10:54:57</dateChanged>
      <retired>false</retired>
    </org.openmrs.module.metadatasharing.Item>
    <org.openmrs.module.metadatasharing.Item id="109" uuid="78e44fc9-92e8-46a9-9577-75a737a8f5af">
      <id>2403</id>
      <classname>org.openmrs.api.db.SerializedObject</classname>
      <dateChanged id="110">2017-05-16 14:24:08</dateChanged>
      <retired>false</retired>
    </org.openmrs.module.metadatasharing.Item>
    <org.openmrs.module.metadatasharing.Item id="111" uuid="0cea503c-d35a-4fbb-9c94-333b97c18715">
      <id>2172</id>
      <classname>org.openmrs.api.db.SerializedObject</classname>
      <dateChanged id="112">2017-05-08 08:13:27</dateChanged>
      <retired>false</retired>
    </org.openmrs.module.metadatasharing.Item>
    <org.openmrs.module.metadatasharing.Item id="113" uuid="0c716bde-c286-448a-85bb-54f8ba5ce05a">
      <id>2173</id>
      <classname>org.openmrs.api.db.SerializedObject</classname>
      <dateChanged id="114">2017-05-10 18:36:52</dateChanged>
      <retired>false</retired>
    </org.openmrs.module.metadatasharing.Item>
    <org.openmrs.module.metadatasharing.Item id="115" uuid="56b6aba2-0343-4112-992f-d6037b4e16e4">
      <id>2174</id>
      <classname>org.openmrs.api.db.SerializedObject</classname>
      <dateChanged id="116">2017-05-08 08:13:27</dateChanged>
      <retired>false</retired>
    </org.openmrs.module.metadatasharing.Item>
    <org.openmrs.module.metadatasharing.Item id="117" uuid="66161e1f-1ee4-430e-98e8-2bb237b89b0d">
      <id>2175</id>
      <classname>org.openmrs.api.db.SerializedObject</classname>
      <dateChanged id="118">2017-05-10 12:37:39</dateChanged>
      <retired>false</retired>
    </org.openmrs.module.metadatasharing.Item>
    <org.openmrs.module.metadatasharing.Item id="119" uuid="99be439e-fd2e-48ad-b0fe-2afdd6894f8d">
      <id>2370</id>
      <classname>org.openmrs.api.db.SerializedObject</classname>
      <dateChanged id="120">2017-05-15 14:19:26</dateChanged>
      <retired>false</retired>
    </org.openmrs.module.metadatasharing.Item>
    <org.openmrs.module.metadatasharing.Item id="121" uuid="0bf7d810-0ace-4dd5-8cba-de58df52c33b">
      <id>2362</id>
      <classname>org.openmrs.api.db.SerializedObject</classname>
      <dateChanged id="122">2017-05-11 11:08:26</dateChanged>
      <retired>false</retired>
    </org.openmrs.module.metadatasharing.Item>
    <org.openmrs.module.metadatasharing.Item id="123" uuid="5a7cecc9-e175-4ec7-b10d-0937356573b7">
      <id>2176</id>
      <classname>org.openmrs.api.db.SerializedObject</classname>
      <dateChanged id="124">2017-05-11 11:10:39</dateChanged>
      <retired>false</retired>
    </org.openmrs.module.metadatasharing.Item>
    <org.openmrs.module.metadatasharing.Item id="125" uuid="e87c440f-38d0-48b4-9ec7-ec1cbc32992f">
      <id>2330</id>
      <classname>org.openmrs.api.db.SerializedObject</classname>
      <dateChanged id="126">2017-05-07 22:56:36</dateChanged>
      <retired>false</retired>
    </org.openmrs.module.metadatasharing.Item>
    <org.openmrs.module.metadatasharing.Item id="127" uuid="3d4ab778-5a82-4b8d-a1cb-cea77c665dc1">
      <id>2177</id>
      <classname>org.openmrs.api.db.SerializedObject</classname>
      <dateChanged id="128">2017-05-11 12:48:50</dateChanged>
      <retired>false</retired>
    </org.openmrs.module.metadatasharing.Item>
    <org.openmrs.module.metadatasharing.Item id="129" uuid="3a4548cd-c846-4146-a47e-e1026023a916">
      <id>2317</id>
      <classname>org.openmrs.api.db.SerializedObject</classname>
      <dateChanged id="130">2017-05-07 22:49:36</dateChanged>
      <retired>false</retired>
    </org.openmrs.module.metadatasharing.Item>
    <org.openmrs.module.metadatasharing.Item id="131" uuid="8a7f6e2d-323d-45dc-8e27-a27339863392">
      <id>2179</id>
      <classname>org.openmrs.api.db.SerializedObject</classname>
      <dateChanged id="132">2017-05-11 12:23:50</dateChanged>
      <retired>false</retired>
    </org.openmrs.module.metadatasharing.Item>
    <org.openmrs.module.metadatasharing.Item id="133" uuid="909c1e65-c09b-48dd-9df8-80b989cfea78">
      <id>280</id>
      <classname>org.openmrs.api.db.SerializedObject</classname>
      <dateChanged id="134">2012-08-24 08:04:58</dateChanged>
      <retired>false</retired>
    </org.openmrs.module.metadatasharing.Item>
    <org.openmrs.module.metadatasharing.Item id="135" uuid="9d0138ac-316c-43a4-8f67-4cc54b5ae59d">
      <id>2392</id>
      <classname>org.openmrs.api.db.SerializedObject</classname>
      <dateChanged id="136">2017-05-16 09:58:06</dateChanged>
      <retired>false</retired>
    </org.openmrs.module.metadatasharing.Item>
    <org.openmrs.module.metadatasharing.Item id="137" uuid="b65142c6-f54d-4071-8491-f3abb0a027f2">
      <id>2406</id>
      <classname>org.openmrs.api.db.SerializedObject</classname>
      <dateChanged id="138">2017-05-16 14:28:17</dateChanged>
      <retired>false</retired>
    </org.openmrs.module.metadatasharing.Item>
    <org.openmrs.module.metadatasharing.Item id="139" uuid="540cfcd1-62d7-4142-835c-497793ce8beb">
      <id>2181</id>
      <classname>org.openmrs.api.db.SerializedObject</classname>
      <dateChanged id="140">2017-05-11 12:03:57</dateChanged>
      <retired>false</retired>
    </org.openmrs.module.metadatasharing.Item>
    <org.openmrs.module.metadatasharing.Item id="141" uuid="127f299f-83eb-40cd-8ff0-478a93344cfa">
      <id>2374</id>
      <classname>org.openmrs.api.db.SerializedObject</classname>
      <dateChanged id="142">2017-05-16 14:56:10</dateChanged>
      <retired>false</retired>
    </org.openmrs.module.metadatasharing.Item>
    <org.openmrs.module.metadatasharing.Item id="143" uuid="3b3d7679-7f61-4ac3-8ecc-ea2e7de49e70">
      <id>2183</id>
      <classname>org.openmrs.api.db.SerializedObject</classname>
      <dateChanged id="144">2017-05-16 09:43:31</dateChanged>
      <retired>false</retired>
    </org.openmrs.module.metadatasharing.Item>
    <org.openmrs.module.metadatasharing.Item id="145" uuid="9fe55573-f8a9-4c42-97fd-24d90cd7afde">
      <id>2182</id>
      <classname>org.openmrs.api.db.SerializedObject</classname>
      <dateChanged id="146">2017-05-11 12:34:09</dateChanged>
      <retired>false</retired>
    </org.openmrs.module.metadatasharing.Item>
    <org.openmrs.module.metadatasharing.Item id="147" uuid="a3ee1972-41d0-4f41-975a-efc655d6c290">
      <id>2184</id>
      <classname>org.openmrs.api.db.SerializedObject</classname>
      <dateChanged id="148">2017-05-08 08:13:27</dateChanged>
      <retired>false</retired>
    </org.openmrs.module.metadatasharing.Item>
    <org.openmrs.module.metadatasharing.Item id="149" uuid="562bb242-f17e-45bc-ab76-582a8612f6cf">
      <id>150</id>
      <classname>org.openmrs.api.db.SerializedObject</classname>
      <dateChanged id="150">2012-05-11 12:09:19</dateChanged>
      <retired>false</retired>
    </org.openmrs.module.metadatasharing.Item>
    <org.openmrs.module.metadatasharing.Item id="151" uuid="d1f178a5-06d4-478c-bb4d-fd36c406c0cd">
      <id>2185</id>
      <classname>org.openmrs.api.db.SerializedObject</classname>
      <dateChanged id="152">2017-05-08 08:13:27</dateChanged>
      <retired>false</retired>
    </org.openmrs.module.metadatasharing.Item>
    <org.openmrs.module.metadatasharing.Item id="153" uuid="8c16bc19-f172-4284-bbbf-12007e31a444">
      <id>2384</id>
      <classname>org.openmrs.api.db.SerializedObject</classname>
      <dateChanged id="154">2017-05-16 08:56:46</dateChanged>
      <retired>false</retired>
    </org.openmrs.module.metadatasharing.Item>
    <org.openmrs.module.metadatasharing.Item id="155" uuid="93299898-1c17-49ad-b8c4-fd46e176b67d">
      <id>2318</id>
      <classname>org.openmrs.api.db.SerializedObject</classname>
      <dateChanged id="156">2017-03-05 23:01:01</dateChanged>
      <retired>false</retired>
    </org.openmrs.module.metadatasharing.Item>
    <org.openmrs.module.metadatasharing.Item id="157" uuid="fb5988c5-6d7d-409f-90d5-ac6cf962dc9a">
      <id>2187</id>
      <classname>org.openmrs.api.db.SerializedObject</classname>
      <dateChanged id="158">2017-05-10 17:53:12</dateChanged>
      <retired>false</retired>
    </org.openmrs.module.metadatasharing.Item>
    <org.openmrs.module.metadatasharing.Item id="159" uuid="bac34575-ed35-4a97-974b-0b97e24c42c6">
      <id>2340</id>
      <classname>org.openmrs.api.db.SerializedObject</classname>
      <dateChanged id="160">2017-05-10 13:18:27</dateChanged>
      <retired>false</retired>
    </org.openmrs.module.metadatasharing.Item>
    <org.openmrs.module.metadatasharing.Item id="161" uuid="99f82661-6904-4b9e-a4fb-d1d0e09af4a3">
      <id>2188</id>
      <classname>org.openmrs.api.db.SerializedObject</classname>
      <dateChanged id="162">2017-05-08 08:13:27</dateChanged>
      <retired>false</retired>
    </org.openmrs.module.metadatasharing.Item>
    <org.openmrs.module.metadatasharing.Item id="163" uuid="df8b06b6-064b-4a3e-b9de-3cc90b949f4e">
      <id>2336</id>
      <classname>org.openmrs.api.db.SerializedObject</classname>
      <dateChanged id="164">2017-05-10 12:27:15</dateChanged>
      <retired>false</retired>
    </org.openmrs.module.metadatasharing.Item>
    <org.openmrs.module.metadatasharing.Item id="165" uuid="f09c0ef5-6953-4a43-89d6-a0e0bab37081">
      <id>2383</id>
      <classname>org.openmrs.api.db.SerializedObject</classname>
      <dateChanged id="166">2017-05-16 08:52:23</dateChanged>
      <retired>false</retired>
    </org.openmrs.module.metadatasharing.Item>
    <org.openmrs.module.metadatasharing.Item id="167" uuid="eedebce5-ce50-4d20-a230-623cb48ace21">
      <id>2190</id>
      <classname>org.openmrs.api.db.SerializedObject</classname>
      <dateChanged id="168">2017-05-08 08:13:27</dateChanged>
      <retired>false</retired>
    </org.openmrs.module.metadatasharing.Item>
    <org.openmrs.module.metadatasharing.Item id="169" uuid="f0de877c-04f0-4285-9fed-a34a5ea350d6">
      <id>2387</id>
      <classname>org.openmrs.api.db.SerializedObject</classname>
      <dateChanged id="170">2017-05-16 09:37:01</dateChanged>
      <retired>false</retired>
    </org.openmrs.module.metadatasharing.Item>
    <org.openmrs.module.metadatasharing.Item id="171" uuid="fdfdcdd9-b2be-4c2d-abdb-369552c613ae">
      <id>2191</id>
      <classname>org.openmrs.api.db.SerializedObject</classname>
      <dateChanged id="172">2017-05-08 08:13:27</dateChanged>
      <retired>false</retired>
    </org.openmrs.module.metadatasharing.Item>
    <org.openmrs.module.metadatasharing.Item id="173" uuid="a3f7acf1-d32a-499c-a1be-2ed7463faee6">
      <id>2192</id>
      <classname>org.openmrs.api.db.SerializedObject</classname>
      <dateChanged id="174">2017-05-10 18:05:39</dateChanged>
      <retired>false</retired>
    </org.openmrs.module.metadatasharing.Item>
    <org.openmrs.module.metadatasharing.Item id="175" uuid="86f1836a-0e30-4afe-bf8e-320c33c745f2">
      <id>2193</id>
      <classname>org.openmrs.api.db.SerializedObject</classname>
      <dateChanged id="176">2017-05-16 09:41:45</dateChanged>
      <retired>false</retired>
    </org.openmrs.module.metadatasharing.Item>
    <org.openmrs.module.metadatasharing.Item id="177" uuid="acc63a61-84d6-4b8f-a539-f8693d399869">
      <id>2194</id>
      <classname>org.openmrs.api.db.SerializedObject</classname>
      <dateChanged id="178">2017-05-08 08:13:27</dateChanged>
      <retired>false</retired>
    </org.openmrs.module.metadatasharing.Item>
    <org.openmrs.module.metadatasharing.Item id="179" uuid="0481cf45-2cd7-4b6b-bc8f-76633cee6280">
      <id>2195</id>
      <classname>org.openmrs.api.db.SerializedObject</classname>
      <dateChanged id="180">2017-05-08 08:13:27</dateChanged>
      <retired>false</retired>
    </org.openmrs.module.metadatasharing.Item>
    <org.openmrs.module.metadatasharing.Item id="181" uuid="8299eb09-df37-4e14-a340-e9e26d73413d">
      <id>2196</id>
      <classname>org.openmrs.api.db.SerializedObject</classname>
      <dateChanged id="182">2017-05-08 08:13:27</dateChanged>
      <retired>false</retired>
    </org.openmrs.module.metadatasharing.Item>
    <org.openmrs.module.metadatasharing.Item id="183" uuid="4c74c0da-abdf-40ad-8bf9-1858b43a0241">
      <id>2396</id>
      <classname>org.openmrs.api.db.SerializedObject</classname>
      <dateChanged id="184">2017-05-16 10:04:44</dateChanged>
      <retired>false</retired>
    </org.openmrs.module.metadatasharing.Item>
    <org.openmrs.module.metadatasharing.Item id="185" uuid="ede1d7c3-8637-42ad-a43b-f6a0e2f9b77a">
      <id>2343</id>
      <classname>org.openmrs.api.db.SerializedObject</classname>
      <dateChanged id="186">2017-05-10 18:39:28</dateChanged>
      <retired>false</retired>
    </org.openmrs.module.metadatasharing.Item>
    <org.openmrs.module.metadatasharing.Item id="187" uuid="55014fce-4c43-4e37-aa27-fcb02e1584b4">
      <id>2197</id>
      <classname>org.openmrs.api.db.SerializedObject</classname>
      <dateChanged id="188">2017-05-08 08:13:27</dateChanged>
      <retired>false</retired>
    </org.openmrs.module.metadatasharing.Item>
    <org.openmrs.module.metadatasharing.Item id="189" uuid="f00aa388-61cd-4817-b579-439df37ed1eb">
      <id>2198</id>
      <classname>org.openmrs.api.db.SerializedObject</classname>
      <dateChanged id="190">2017-05-08 08:13:27</dateChanged>
      <retired>false</retired>
    </org.openmrs.module.metadatasharing.Item>
    <org.openmrs.module.metadatasharing.Item id="191" uuid="adb75f91-41cc-4aa6-a583-263cc47503d1">
      <id>2199</id>
      <classname>org.openmrs.api.db.SerializedObject</classname>
      <dateChanged id="192">2017-05-16 14:41:06</dateChanged>
      <retired>false</retired>
    </org.openmrs.module.metadatasharing.Item>
    <org.openmrs.module.metadatasharing.Item id="193" uuid="dfa6a19e-70c1-442b-8257-563d38e36556">
      <id>2316</id>
      <classname>org.openmrs.api.db.SerializedObject</classname>
      <dateChanged id="194">2017-05-07 22:46:40</dateChanged>
      <retired>false</retired>
    </org.openmrs.module.metadatasharing.Item>
    <org.openmrs.module.metadatasharing.Item id="195" uuid="e7ccb385-ae5a-4fff-9e95-0d65b64f0e7b">
      <id>2200</id>
      <classname>org.openmrs.api.db.SerializedObject</classname>
      <dateChanged id="196">2017-05-11 09:32:25</dateChanged>
      <retired>false</retired>
    </org.openmrs.module.metadatasharing.Item>
    <org.openmrs.module.metadatasharing.Item id="197" uuid="03ebbf71-b1b5-4554-879b-33e6357a7c9a">
      <id>2351</id>
      <classname>org.openmrs.api.db.SerializedObject</classname>
      <dateChanged id="198">2017-05-10 17:50:25</dateChanged>
      <retired>false</retired>
    </org.openmrs.module.metadatasharing.Item>
    <org.openmrs.module.metadatasharing.Item id="199" uuid="90557af3-61dd-44d7-92d1-02984f60a77f">
      <id>2376</id>
      <classname>org.openmrs.api.db.SerializedObject</classname>
      <dateChanged id="200">2017-05-16 15:01:59</dateChanged>
      <retired>false</retired>
    </org.openmrs.module.metadatasharing.Item>
    <org.openmrs.module.metadatasharing.Item id="201" uuid="35d1906a-518f-4dd5-b5ee-a93c775545c4">
      <id>2201</id>
      <classname>org.openmrs.api.db.SerializedObject</classname>
      <dateChanged id="202">2017-05-12 12:43:50</dateChanged>
      <retired>false</retired>
    </org.openmrs.module.metadatasharing.Item>
    <org.openmrs.module.metadatasharing.Item id="203" uuid="29d93f73-f0a1-41f2-8577-6524694a1cae">
      <id>2202</id>
      <classname>org.openmrs.api.db.SerializedObject</classname>
      <dateChanged id="204">2017-05-11 09:39:36</dateChanged>
      <retired>false</retired>
    </org.openmrs.module.metadatasharing.Item>
    <org.openmrs.module.metadatasharing.Item id="205" uuid="7755959b-0b82-45ca-b560-b95d20ed1b18">
      <id>2375</id>
      <classname>org.openmrs.api.db.SerializedObject</classname>
      <dateChanged id="206">2017-05-16 07:49:57</dateChanged>
      <retired>false</retired>
    </org.openmrs.module.metadatasharing.Item>
    <org.openmrs.module.metadatasharing.Item id="207" uuid="0c8828bf-c355-4d01-851d-064a7d170cc0">
      <id>2360</id>
      <classname>org.openmrs.api.db.SerializedObject</classname>
      <dateChanged id="208">2017-05-11 09:29:03</dateChanged>
      <retired>false</retired>
    </org.openmrs.module.metadatasharing.Item>
    <org.openmrs.module.metadatasharing.Item id="209" uuid="8c434fa1-fbb8-46ef-8b7e-a9bcff6e7044">
      <id>2203</id>
      <classname>org.openmrs.api.db.SerializedObject</classname>
      <dateChanged id="210">2017-05-08 08:13:27</dateChanged>
      <retired>false</retired>
    </org.openmrs.module.metadatasharing.Item>
    <org.openmrs.module.metadatasharing.Item id="211" uuid="dd9c383f-e837-4d3d-bfff-8b70345b028a">
      <id>2402</id>
      <classname>org.openmrs.api.db.SerializedObject</classname>
      <dateChanged id="212">2017-05-16 11:21:45</dateChanged>
      <retired>false</retired>
    </org.openmrs.module.metadatasharing.Item>
    <org.openmrs.module.metadatasharing.Item id="213" uuid="7aab6b34-b891-43f0-80fa-d541ef0f8cf4">
      <id>2389</id>
      <classname>org.openmrs.api.db.SerializedObject</classname>
      <dateChanged id="214">2017-05-16 09:31:15</dateChanged>
      <retired>false</retired>
    </org.openmrs.module.metadatasharing.Item>
    <org.openmrs.module.metadatasharing.Item id="215" uuid="5c9ce152-bcd7-4493-8414-ddc81466a981">
      <id>2206</id>
      <classname>org.openmrs.api.db.SerializedObject</classname>
      <dateChanged id="216">2017-05-08 08:13:27</dateChanged>
      <retired>false</retired>
    </org.openmrs.module.metadatasharing.Item>
    <org.openmrs.module.metadatasharing.Item id="217" uuid="ba4a590c-fa56-4cb8-9cbe-472a9652454b">
      <id>2331</id>
      <classname>org.openmrs.api.db.SerializedObject</classname>
      <dateChanged id="218">2017-05-07 22:45:13</dateChanged>
      <retired>false</retired>
    </org.openmrs.module.metadatasharing.Item>
    <org.openmrs.module.metadatasharing.Item id="219" uuid="8b3cc51e-7dbe-4edc-a26f-b610b5ea3cf5">
      <id>2208</id>
      <classname>org.openmrs.api.db.SerializedObject</classname>
      <dateChanged id="220">2017-05-08 08:13:27</dateChanged>
      <retired>false</retired>
    </org.openmrs.module.metadatasharing.Item>
    <org.openmrs.module.metadatasharing.Item id="221" uuid="d9ed3e9b-e2a0-4d87-a464-0e72749ee638">
      <id>2209</id>
      <classname>org.openmrs.api.db.SerializedObject</classname>
      <dateChanged id="222">2017-05-11 11:55:27</dateChanged>
      <retired>false</retired>
    </org.openmrs.module.metadatasharing.Item>
    <org.openmrs.module.metadatasharing.Item id="223" uuid="7e010683-508b-427f-ae4e-ed1046900676">
      <id>2210</id>
      <classname>org.openmrs.api.db.SerializedObject</classname>
      <dateChanged id="224">2017-05-08 08:13:27</dateChanged>
      <retired>false</retired>
    </org.openmrs.module.metadatasharing.Item>
    <org.openmrs.module.metadatasharing.Item id="225" uuid="6a7be46e-ef91-40d0-908b-1ac6c480a86c">
      <id>1026</id>
      <classname>org.openmrs.api.db.SerializedObject</classname>
      <dateChanged id="226">2014-09-30 12:20:19</dateChanged>
      <retired>false</retired>
    </org.openmrs.module.metadatasharing.Item>
    <org.openmrs.module.metadatasharing.Item id="227" uuid="aa1c805c-4521-4294-971f-df379ee32a0f">
      <id>2213</id>
      <classname>org.openmrs.api.db.SerializedObject</classname>
      <dateChanged id="228">2017-05-16 11:22:16</dateChanged>
      <retired>false</retired>
    </org.openmrs.module.metadatasharing.Item>
    <org.openmrs.module.metadatasharing.Item id="229" uuid="81cf2587-8bc0-42db-a40f-63e378a38af2">
      <id>2215</id>
      <classname>org.openmrs.api.db.SerializedObject</classname>
      <dateChanged id="230">2017-05-08 08:13:27</dateChanged>
      <retired>false</retired>
    </org.openmrs.module.metadatasharing.Item>
    <org.openmrs.module.metadatasharing.Item id="231" uuid="75d27024-60bd-4992-91fc-b18d49682b3a">
      <id>2339</id>
      <classname>org.openmrs.api.db.SerializedObject</classname>
      <dateChanged id="232">2017-05-10 13:17:19</dateChanged>
      <retired>false</retired>
    </org.openmrs.module.metadatasharing.Item>
    <org.openmrs.module.metadatasharing.Item id="233" uuid="99cdfa90-d09e-492d-a22b-63103d3d6c3a">
      <id>2218</id>
      <classname>org.openmrs.api.db.SerializedObject</classname>
      <dateChanged id="234">2017-05-12 09:49:38</dateChanged>
      <retired>false</retired>
    </org.openmrs.module.metadatasharing.Item>
    <org.openmrs.module.metadatasharing.Item id="235" uuid="09a84b39-8e4e-46a3-93f8-0c16dd35599a">
      <id>2367</id>
      <classname>org.openmrs.api.db.SerializedObject</classname>
      <dateChanged id="236">2017-05-12 08:35:41</dateChanged>
      <retired>false</retired>
    </org.openmrs.module.metadatasharing.Item>
    <org.openmrs.module.metadatasharing.Item id="237" uuid="fe05bcee-49c3-4f3c-a2d6-4b0e118f39e1">
      <id>2219</id>
      <classname>org.openmrs.api.db.SerializedObject</classname>
      <dateChanged id="238">2017-05-08 08:13:27</dateChanged>
      <retired>false</retired>
    </org.openmrs.module.metadatasharing.Item>
    <org.openmrs.module.metadatasharing.Item id="239" uuid="35c0971f-f869-49cc-9ed9-3ae30440b304">
      <id>2220</id>
      <classname>org.openmrs.api.db.SerializedObject</classname>
      <dateChanged id="240">2017-05-16 07:35:32</dateChanged>
      <retired>false</retired>
    </org.openmrs.module.metadatasharing.Item>
    <org.openmrs.module.metadatasharing.Item id="241" uuid="fc72a1b6-0535-433c-ba7d-668a4794f859">
      <id>2221</id>
      <classname>org.openmrs.api.db.SerializedObject</classname>
      <dateChanged id="242">2017-05-08 08:13:26</dateChanged>
      <retired>false</retired>
    </org.openmrs.module.metadatasharing.Item>
    <org.openmrs.module.metadatasharing.Item id="243" uuid="ed4db527-094d-49e3-84c6-10a0a82ed01e">
      <id>2379</id>
      <classname>org.openmrs.api.db.SerializedObject</classname>
      <dateChanged id="244">2017-05-16 15:09:13</dateChanged>
      <retired>false</retired>
    </org.openmrs.module.metadatasharing.Item>
    <org.openmrs.module.metadatasharing.Item id="245" uuid="b4ea492e-a155-4527-9cf9-fe2ecefe9d47">
      <id>2398</id>
      <classname>org.openmrs.api.db.SerializedObject</classname>
      <dateChanged id="246">2017-05-16 11:03:49</dateChanged>
      <retired>false</retired>
    </org.openmrs.module.metadatasharing.Item>
    <org.openmrs.module.metadatasharing.Item id="247" uuid="3faa0503-0644-4ef2-a802-5e239433c632">
      <id>2363</id>
      <classname>org.openmrs.api.db.SerializedObject</classname>
      <dateChanged id="248">2017-05-11 12:26:50</dateChanged>
      <retired>false</retired>
    </org.openmrs.module.metadatasharing.Item>
    <org.openmrs.module.metadatasharing.Item id="249" uuid="3c630692-0550-4484-bbe5-b7b12e0ecccf">
      <id>2224</id>
      <classname>org.openmrs.api.db.SerializedObject</classname>
      <dateChanged id="250">2017-05-08 08:13:26</dateChanged>
      <retired>false</retired>
    </org.openmrs.module.metadatasharing.Item>
    <org.openmrs.module.metadatasharing.Item id="251" uuid="12a128a6-36fc-490a-8641-ab9ebc3747e1">
      <id>2223</id>
      <classname>org.openmrs.api.db.SerializedObject</classname>
      <dateChanged id="252">2017-05-08 08:13:26</dateChanged>
      <retired>false</retired>
    </org.openmrs.module.metadatasharing.Item>
    <org.openmrs.module.metadatasharing.Item id="253" uuid="1d50c707-f6a7-4d7d-a4f7-f47580a036cc">
      <id>2225</id>
      <classname>org.openmrs.api.db.SerializedObject</classname>
      <dateChanged id="254">2017-05-08 08:13:26</dateChanged>
      <retired>false</retired>
    </org.openmrs.module.metadatasharing.Item>
    <org.openmrs.module.metadatasharing.Item id="255" uuid="5a86f86f-7630-4bf0-b091-bde0029a2cf7">
      <id>2368</id>
      <classname>org.openmrs.api.db.SerializedObject</classname>
      <dateChanged id="256">2017-05-12 09:30:13</dateChanged>
      <retired>false</retired>
    </org.openmrs.module.metadatasharing.Item>
    <org.openmrs.module.metadatasharing.Item id="257" uuid="6aedea01-aa91-42e5-ba7f-d67d514bcc89">
      <id>2227</id>
      <classname>org.openmrs.api.db.SerializedObject</classname>
      <dateChanged id="258">2017-05-12 09:54:21</dateChanged>
      <retired>false</retired>
    </org.openmrs.module.metadatasharing.Item>
    <org.openmrs.module.metadatasharing.Item id="259" uuid="eaac9e6c-5450-4368-af08-1d6b9f0717e4">
      <id>2231</id>
      <classname>org.openmrs.api.db.SerializedObject</classname>
      <dateChanged id="260">2017-05-08 08:13:26</dateChanged>
      <retired>false</retired>
    </org.openmrs.module.metadatasharing.Item>
    <org.openmrs.module.metadatasharing.Item id="261" uuid="1359d13e-2228-464b-937c-656e4cb96abe">
      <id>2229</id>
      <classname>org.openmrs.api.db.SerializedObject</classname>
      <dateChanged id="262">2017-05-08 08:13:26</dateChanged>
      <retired>false</retired>
    </org.openmrs.module.metadatasharing.Item>
    <org.openmrs.module.metadatasharing.Item id="263" uuid="271f32a3-1c11-46f5-b544-7041b2c12309">
      <id>2230</id>
      <classname>org.openmrs.api.db.SerializedObject</classname>
      <dateChanged id="264">2017-05-10 14:35:36</dateChanged>
      <retired>false</retired>
    </org.openmrs.module.metadatasharing.Item>
    <org.openmrs.module.metadatasharing.Item id="265" uuid="8e75dfaf-54e5-4b41-91a3-c2bc4f085240">
      <id>2228</id>
      <classname>org.openmrs.api.db.SerializedObject</classname>
      <dateChanged id="266">2017-05-10 12:56:39</dateChanged>
      <retired>false</retired>
    </org.openmrs.module.metadatasharing.Item>
    <org.openmrs.module.metadatasharing.Item id="267" uuid="2ed4189d-536e-4880-86c8-0fd866f745d2">
      <id>2390</id>
      <classname>org.openmrs.api.db.SerializedObject</classname>
      <dateChanged id="268">2017-05-16 09:30:56</dateChanged>
      <retired>false</retired>
    </org.openmrs.module.metadatasharing.Item>
    <org.openmrs.module.metadatasharing.Item id="269" uuid="820f3fbe-f9c8-4de0-8269-9228cf65b653">
      <id>2234</id>
      <classname>org.openmrs.api.db.SerializedObject</classname>
      <dateChanged id="270">2017-05-08 08:13:26</dateChanged>
      <retired>false</retired>
    </org.openmrs.module.metadatasharing.Item>
    <org.openmrs.module.metadatasharing.Item id="271" uuid="05721c6b-5d2d-412f-9964-cb50ae349d93">
      <id>2337</id>
      <classname>org.openmrs.api.db.SerializedObject</classname>
      <dateChanged id="272">2017-05-10 12:51:54</dateChanged>
      <retired>false</retired>
    </org.openmrs.module.metadatasharing.Item>
    <org.openmrs.module.metadatasharing.Item id="273" uuid="8e73b9f5-b225-4421-af6f-ef50bb61dbc3">
      <id>2235</id>
      <classname>org.openmrs.api.db.SerializedObject</classname>
      <dateChanged id="274">2017-05-08 08:13:26</dateChanged>
      <retired>false</retired>
    </org.openmrs.module.metadatasharing.Item>
    <org.openmrs.module.metadatasharing.Item id="275" uuid="01c9ecb2-bb74-407f-9003-c6476a666422">
      <id>2328</id>
      <classname>org.openmrs.api.db.SerializedObject</classname>
      <dateChanged id="276">2017-05-07 23:01:57</dateChanged>
      <retired>false</retired>
    </org.openmrs.module.metadatasharing.Item>
    <org.openmrs.module.metadatasharing.Item id="277" uuid="7f546f1a-5d9a-49cd-857c-f1a328217e5a">
      <id>2236</id>
      <classname>org.openmrs.api.db.SerializedObject</classname>
      <dateChanged id="278">2017-05-08 08:13:26</dateChanged>
      <retired>false</retired>
    </org.openmrs.module.metadatasharing.Item>
    <org.openmrs.module.metadatasharing.Item id="279" uuid="b6688b84-5a60-4f6d-b4c1-f1bd94dbf171">
      <id>2393</id>
      <classname>org.openmrs.api.db.SerializedObject</classname>
      <dateChanged id="280">2017-05-16 10:01:02</dateChanged>
      <retired>false</retired>
    </org.openmrs.module.metadatasharing.Item>
    <org.openmrs.module.metadatasharing.Item id="281" uuid="bdaccefa-cb27-46e5-9cff-a9a856f1abb1">
      <id>2237</id>
      <classname>org.openmrs.api.db.SerializedObject</classname>
      <dateChanged id="282">2017-05-08 08:13:26</dateChanged>
      <retired>false</retired>
    </org.openmrs.module.metadatasharing.Item>
    <org.openmrs.module.metadatasharing.Item id="283" uuid="30a73868-c233-4a39-989c-c224ea77d2c3">
      <id>2358</id>
      <classname>org.openmrs.api.db.SerializedObject</classname>
      <dateChanged id="284">2017-05-11 09:36:34</dateChanged>
      <retired>false</retired>
    </org.openmrs.module.metadatasharing.Item>
    <org.openmrs.module.metadatasharing.Item id="285" uuid="7d4208c9-120f-475f-8d6d-5c97f900f4d3">
      <id>2238</id>
      <classname>org.openmrs.api.db.SerializedObject</classname>
      <dateChanged id="286">2017-05-08 08:13:26</dateChanged>
      <retired>false</retired>
    </org.openmrs.module.metadatasharing.Item>
    <org.openmrs.module.metadatasharing.Item id="287" uuid="7c329f71-34cd-4cd4-98c3-89f95604f1c2">
      <id>2240</id>
      <classname>org.openmrs.api.db.SerializedObject</classname>
      <dateChanged id="288">2017-05-16 07:33:37</dateChanged>
      <retired>false</retired>
    </org.openmrs.module.metadatasharing.Item>
    <org.openmrs.module.metadatasharing.Item id="289" uuid="b33ec8dc-034e-49b0-9bdd-94664d8d3668">
      <id>2242</id>
      <classname>org.openmrs.api.db.SerializedObject</classname>
      <dateChanged id="290">2017-05-16 09:05:57</dateChanged>
      <retired>false</retired>
    </org.openmrs.module.metadatasharing.Item>
    <org.openmrs.module.metadatasharing.Item id="291" uuid="dafd5664-1d49-45ba-8d49-ba4d85021dbd">
      <id>2243</id>
      <classname>org.openmrs.api.db.SerializedObject</classname>
      <dateChanged id="292">2017-05-08 08:13:26</dateChanged>
      <retired>false</retired>
    </org.openmrs.module.metadatasharing.Item>
    <org.openmrs.module.metadatasharing.Item id="293" uuid="2955a938-dd15-485e-bba7-0d31e0764c69">
      <id>2244</id>
      <classname>org.openmrs.api.db.SerializedObject</classname>
      <dateChanged id="294">2017-05-16 14:42:08</dateChanged>
      <retired>false</retired>
    </org.openmrs.module.metadatasharing.Item>
    <org.openmrs.module.metadatasharing.Item id="295" uuid="71600231-da0b-4f0c-bf7d-a0d03ccf3ed4">
      <id>2245</id>
      <classname>org.openmrs.api.db.SerializedObject</classname>
      <dateChanged id="296">2017-05-08 08:13:26</dateChanged>
      <retired>false</retired>
    </org.openmrs.module.metadatasharing.Item>
    <org.openmrs.module.metadatasharing.Item id="297" uuid="bea47cc2-3928-4b24-8b12-90c5981a1b2b">
      <id>2246</id>
      <classname>org.openmrs.api.db.SerializedObject</classname>
      <dateChanged id="298">2017-05-16 07:37:12</dateChanged>
      <retired>false</retired>
    </org.openmrs.module.metadatasharing.Item>
    <org.openmrs.module.metadatasharing.Item id="299" uuid="9083bead-252c-4625-b9b0-6047a2eec407">
      <id>2247</id>
      <classname>org.openmrs.api.db.SerializedObject</classname>
      <dateChanged id="300">2017-05-08 08:13:26</dateChanged>
      <retired>false</retired>
    </org.openmrs.module.metadatasharing.Item>
    <org.openmrs.module.metadatasharing.Item id="301" uuid="894a76c7-82d6-4eb6-aef0-d1a778b456fa">
      <id>2341</id>
      <classname>org.openmrs.api.db.SerializedObject</classname>
      <dateChanged id="302">2017-05-10 13:38:26</dateChanged>
      <retired>false</retired>
    </org.openmrs.module.metadatasharing.Item>
    <org.openmrs.module.metadatasharing.Item id="303" uuid="c7609d47-8e46-4911-9bba-0b405ffadfda">
      <id>2248</id>
      <classname>org.openmrs.api.db.SerializedObject</classname>
      <dateChanged id="304">2017-05-08 08:13:26</dateChanged>
      <retired>false</retired>
    </org.openmrs.module.metadatasharing.Item>
    <org.openmrs.module.metadatasharing.Item id="305" uuid="eff0ebcd-8701-41a9-913f-7877329e5890">
      <id>2386</id>
      <classname>org.openmrs.api.db.SerializedObject</classname>
      <dateChanged id="306">2017-05-16 09:33:29</dateChanged>
      <retired>false</retired>
    </org.openmrs.module.metadatasharing.Item>
    <org.openmrs.module.metadatasharing.Item id="307" uuid="fbaa041a-2d66-4fae-b937-36072abd955c">
      <id>2395</id>
      <classname>org.openmrs.api.db.SerializedObject</classname>
      <dateChanged id="308">2017-05-16 10:01:57</dateChanged>
      <retired>false</retired>
    </org.openmrs.module.metadatasharing.Item>
    <org.openmrs.module.metadatasharing.Item id="309" uuid="a76c63d5-01e4-4b9b-8f69-b14da55a7179">
      <id>2249</id>
      <classname>org.openmrs.api.db.SerializedObject</classname>
      <dateChanged id="310">2017-05-08 08:13:26</dateChanged>
      <retired>false</retired>
    </org.openmrs.module.metadatasharing.Item>
    <org.openmrs.module.metadatasharing.Item id="311" uuid="b0b9805f-2aea-48fb-89f5-903156d4ecc0">
      <id>2252</id>
      <classname>org.openmrs.api.db.SerializedObject</classname>
      <dateChanged id="312">2017-05-12 08:43:00</dateChanged>
      <retired>false</retired>
    </org.openmrs.module.metadatasharing.Item>
    <org.openmrs.module.metadatasharing.Item id="313" uuid="b5818b8b-5e2a-4edf-a34f-dea125cf3514">
      <id>2250</id>
      <classname>org.openmrs.api.db.SerializedObject</classname>
      <dateChanged id="314">2017-05-08 08:13:26</dateChanged>
      <retired>false</retired>
    </org.openmrs.module.metadatasharing.Item>
    <org.openmrs.module.metadatasharing.Item id="315" uuid="92ea7f99-36e4-4aa2-b544-e4499503bd1c">
      <id>2251</id>
      <classname>org.openmrs.api.db.SerializedObject</classname>
      <dateChanged id="316">2017-05-11 09:29:24</dateChanged>
      <retired>false</retired>
    </org.openmrs.module.metadatasharing.Item>
    <org.openmrs.module.metadatasharing.Item id="317" uuid="b26c14cb-3194-4f6b-922b-6e022bba3f38">
      <id>2359</id>
      <classname>org.openmrs.api.db.SerializedObject</classname>
      <dateChanged id="318">2017-05-11 09:36:55</dateChanged>
      <retired>false</retired>
    </org.openmrs.module.metadatasharing.Item>
    <org.openmrs.module.metadatasharing.Item id="319" uuid="433b31a7-9ceb-4e36-a4ae-6c1a1e4ed1ef">
      <id>2254</id>
      <classname>org.openmrs.api.db.SerializedObject</classname>
      <dateChanged id="320">2017-05-12 09:32:13</dateChanged>
      <retired>false</retired>
    </org.openmrs.module.metadatasharing.Item>
    <org.openmrs.module.metadatasharing.Item id="321" uuid="d397d457-611f-406f-a5f0-421a21bceefb">
      <id>2255</id>
      <classname>org.openmrs.api.db.SerializedObject</classname>
      <dateChanged id="322">2017-05-10 17:03:27</dateChanged>
      <retired>false</retired>
    </org.openmrs.module.metadatasharing.Item>
    <org.openmrs.module.metadatasharing.Item id="323" uuid="589d6d60-0181-4ae5-8e9c-8c7a7b076cf4">
      <id>2369</id>
      <classname>org.openmrs.api.db.SerializedObject</classname>
      <dateChanged id="324">2017-05-15 08:33:36</dateChanged>
      <retired>false</retired>
    </org.openmrs.module.metadatasharing.Item>
    <org.openmrs.module.metadatasharing.Item id="325" uuid="81ad7541-7e76-4c2a-96c9-864b6578212d">
      <id>2256</id>
      <classname>org.openmrs.api.db.SerializedObject</classname>
      <dateChanged id="326">2016-02-23 12:03:51</dateChanged>
      <retired>false</retired>
    </org.openmrs.module.metadatasharing.Item>
    <org.openmrs.module.metadatasharing.Item id="327" uuid="bcd687f8-0195-46bc-85ef-5ffb42e308b3">
      <id>2257</id>
      <classname>org.openmrs.api.db.SerializedObject</classname>
      <dateChanged id="328">2017-05-10 13:26:48</dateChanged>
      <retired>false</retired>
    </org.openmrs.module.metadatasharing.Item>
    <org.openmrs.module.metadatasharing.Item id="329" uuid="bbf05935-9287-46e0-9dac-4761ffe6cd60">
      <id>2326</id>
      <classname>org.openmrs.api.db.SerializedObject</classname>
      <dateChanged id="330">2017-05-07 22:43:49</dateChanged>
      <retired>false</retired>
    </org.openmrs.module.metadatasharing.Item>
    <org.openmrs.module.metadatasharing.Item id="331" uuid="ce2601fb-4d4b-4722-8963-0759119a0a1f">
      <id>2258</id>
      <classname>org.openmrs.api.db.SerializedObject</classname>
      <dateChanged id="332">2016-02-24 07:20:13</dateChanged>
      <retired>false</retired>
    </org.openmrs.module.metadatasharing.Item>
    <org.openmrs.module.metadatasharing.Item id="333" uuid="0f8e1e1e-90ed-4da3-8c28-4d1ae97472f5">
      <id>2259</id>
      <classname>org.openmrs.api.db.SerializedObject</classname>
      <dateChanged id="334">2017-05-08 08:13:26</dateChanged>
      <retired>false</retired>
    </org.openmrs.module.metadatasharing.Item>
    <org.openmrs.module.metadatasharing.Item id="335" uuid="d767c0d1-8149-485a-acd4-4985e1e49eaa">
      <id>2352</id>
      <classname>org.openmrs.api.db.SerializedObject</classname>
      <dateChanged id="336">2017-05-10 17:50:02</dateChanged>
      <retired>false</retired>
    </org.openmrs.module.metadatasharing.Item>
    <org.openmrs.module.metadatasharing.Item id="337" uuid="efa4c0b5-d97c-472e-91e4-7493e7d7e661">
      <id>2261</id>
      <classname>org.openmrs.api.db.SerializedObject</classname>
      <dateChanged id="338">2017-05-15 14:22:15</dateChanged>
      <retired>false</retired>
    </org.openmrs.module.metadatasharing.Item>
    <org.openmrs.module.metadatasharing.Item id="339" uuid="aff3281b-881c-4955-b84f-3ee0f82c0f22">
      <id>2260</id>
      <classname>org.openmrs.api.db.SerializedObject</classname>
      <dateChanged id="340">2017-05-08 08:13:27</dateChanged>
      <retired>false</retired>
    </org.openmrs.module.metadatasharing.Item>
    <org.openmrs.module.metadatasharing.Item id="341" uuid="d069ee55-6ec9-4c13-b2a1-ab3f92826012">
      <id>2262</id>
      <classname>org.openmrs.api.db.SerializedObject</classname>
      <dateChanged id="342">2017-05-08 08:13:27</dateChanged>
      <retired>false</retired>
    </org.openmrs.module.metadatasharing.Item>
    <org.openmrs.module.metadatasharing.Item id="343" uuid="27176555-a589-47f1-933e-c6301a26aaa9">
      <id>2263</id>
      <classname>org.openmrs.api.db.SerializedObject</classname>
      <dateChanged id="344">2017-05-08 08:13:27</dateChanged>
      <retired>false</retired>
    </org.openmrs.module.metadatasharing.Item>
    <org.openmrs.module.metadatasharing.Item id="345" uuid="83896dfc-9e0b-40c2-b8f8-5abd66cb4e03">
      <id>2361</id>
      <classname>org.openmrs.api.db.SerializedObject</classname>
      <dateChanged id="346">2017-05-11 09:49:45</dateChanged>
      <retired>false</retired>
    </org.openmrs.module.metadatasharing.Item>
    <org.openmrs.module.metadatasharing.Item id="347" uuid="451c78fb-4a70-4c16-93fe-13676ef11456">
      <id>2264</id>
      <classname>org.openmrs.api.db.SerializedObject</classname>
      <dateChanged id="348">2017-05-08 08:13:27</dateChanged>
      <retired>false</retired>
    </org.openmrs.module.metadatasharing.Item>
    <org.openmrs.module.metadatasharing.Item id="349" uuid="ad9b2c9e-5979-4484-9924-1d0c6c06eac1">
      <id>2266</id>
      <classname>org.openmrs.api.db.SerializedObject</classname>
      <dateChanged id="350">2017-05-11 09:47:37</dateChanged>
      <retired>false</retired>
    </org.openmrs.module.metadatasharing.Item>
    <org.openmrs.module.metadatasharing.Item id="351" uuid="fb4c0fe6-1e05-4dda-b868-782191b0cd40">
      <id>2265</id>
      <classname>org.openmrs.api.db.SerializedObject</classname>
      <dateChanged id="352">2017-05-08 08:13:27</dateChanged>
      <retired>false</retired>
    </org.openmrs.module.metadatasharing.Item>
    <org.openmrs.module.metadatasharing.Item id="353" uuid="c9515312-8702-4ebb-a77b-4ee8d4485a64">
      <id>2267</id>
      <classname>org.openmrs.api.db.SerializedObject</classname>
      <dateChanged id="354">2017-05-08 08:13:27</dateChanged>
      <retired>false</retired>
    </org.openmrs.module.metadatasharing.Item>
    <org.openmrs.module.metadatasharing.Item id="355" uuid="26e5b21a-290c-4c15-abae-929725666b89">
      <id>2345</id>
      <classname>org.openmrs.api.db.SerializedObject</classname>
      <dateChanged id="356">2017-05-10 14:42:31</dateChanged>
      <retired>false</retired>
    </org.openmrs.module.metadatasharing.Item>
    <org.openmrs.module.metadatasharing.Item id="357" uuid="f1800262-af88-4fc1-afb3-40a2b91309a5">
      <id>2269</id>
      <classname>org.openmrs.api.db.SerializedObject</classname>
      <dateChanged id="358">2017-05-08 08:13:27</dateChanged>
      <retired>false</retired>
    </org.openmrs.module.metadatasharing.Item>
    <org.openmrs.module.metadatasharing.Item id="359" uuid="d568bc5a-8efd-4122-92bb-5b25b4d27649">
      <id>2268</id>
      <classname>org.openmrs.api.db.SerializedObject</classname>
      <dateChanged id="360">2017-05-16 09:43:15</dateChanged>
      <retired>false</retired>
    </org.openmrs.module.metadatasharing.Item>
    <org.openmrs.module.metadatasharing.Item id="361" uuid="ea4548c1-ecfa-41e5-b40d-c097a66ebcce">
      <id>2327</id>
      <classname>org.openmrs.api.db.SerializedObject</classname>
      <dateChanged id="362">2017-05-07 22:59:03</dateChanged>
      <retired>false</retired>
    </org.openmrs.module.metadatasharing.Item>
    <org.openmrs.module.metadatasharing.Item id="363" uuid="0e1b4f8a-4029-43b3-95e4-873eb4239226">
      <id>2270</id>
      <classname>org.openmrs.api.db.SerializedObject</classname>
      <dateChanged id="364">2017-05-10 13:05:43</dateChanged>
      <retired>false</retired>
    </org.openmrs.module.metadatasharing.Item>
    <org.openmrs.module.metadatasharing.Item id="365" uuid="817ad9c7-a12c-4e7b-a5bc-679f705a8e73">
      <id>2271</id>
      <classname>org.openmrs.api.db.SerializedObject</classname>
      <dateChanged id="366">2017-05-08 08:13:27</dateChanged>
      <retired>false</retired>
    </org.openmrs.module.metadatasharing.Item>
    <org.openmrs.module.metadatasharing.Item id="367" uuid="f7a391f9-6bb7-461a-a7fb-093330a21ab3">
      <id>2272</id>
      <classname>org.openmrs.api.db.SerializedObject</classname>
      <dateChanged id="368">2017-05-08 08:13:27</dateChanged>
      <retired>false</retired>
    </org.openmrs.module.metadatasharing.Item>
    <org.openmrs.module.metadatasharing.Item id="369" uuid="2ba6eaf9-e2ab-4f68-981c-a29f40e214b9">
      <id>2273</id>
      <classname>org.openmrs.api.db.SerializedObject</classname>
      <dateChanged id="370">2017-05-08 08:13:27</dateChanged>
      <retired>false</retired>
    </org.openmrs.module.metadatasharing.Item>
    <org.openmrs.module.metadatasharing.Item id="371" uuid="87d01ab9-8d03-4bf4-9f44-9a568dace129">
      <id>2274</id>
      <classname>org.openmrs.api.db.SerializedObject</classname>
      <dateChanged id="372">2016-02-24 08:42:55</dateChanged>
      <retired>false</retired>
    </org.openmrs.module.metadatasharing.Item>
    <org.openmrs.module.metadatasharing.Item id="373" uuid="6220886f-7a04-4a38-938b-27a68e5d691c">
      <id>2382</id>
      <classname>org.openmrs.api.db.SerializedObject</classname>
      <dateChanged id="374">2017-05-16 08:57:17</dateChanged>
      <retired>false</retired>
    </org.openmrs.module.metadatasharing.Item>
    <org.openmrs.module.metadatasharing.Item id="375" uuid="31662fce-678a-4ded-908c-99ec1ec68032">
      <id>2275</id>
      <classname>org.openmrs.api.db.SerializedObject</classname>
      <dateChanged id="376">2017-05-11 12:09:26</dateChanged>
      <retired>false</retired>
    </org.openmrs.module.metadatasharing.Item>
    <org.openmrs.module.metadatasharing.Item id="377" uuid="5061933f-81c6-4260-89f9-c3fbfb145576">
      <id>2276</id>
      <classname>org.openmrs.api.db.SerializedObject</classname>
      <dateChanged id="378">2017-05-16 11:21:58</dateChanged>
      <retired>false</retired>
    </org.openmrs.module.metadatasharing.Item>
    <org.openmrs.module.metadatasharing.Item id="379" uuid="0528523e-915f-4442-a646-6a95898c7bbe">
      <id>2277</id>
      <classname>org.openmrs.api.db.SerializedObject</classname>
      <dateChanged id="380">2017-05-08 08:13:27</dateChanged>
      <retired>false</retired>
    </org.openmrs.module.metadatasharing.Item>
    <org.openmrs.module.metadatasharing.Item id="381" uuid="81a42a9a-bc19-4a05-8e35-f31fbe5d36f8">
      <id>2278</id>
      <classname>org.openmrs.api.db.SerializedObject</classname>
      <dateChanged id="382">2017-05-08 08:13:27</dateChanged>
      <retired>false</retired>
    </org.openmrs.module.metadatasharing.Item>
    <org.openmrs.module.metadatasharing.Item id="383" uuid="871a9e1a-1cf5-47ae-ad3d-3a2807f2bfd8">
      <id>2280</id>
      <classname>org.openmrs.api.db.SerializedObject</classname>
      <dateChanged id="384">2017-05-10 14:00:13</dateChanged>
      <retired>false</retired>
    </org.openmrs.module.metadatasharing.Item>
    <org.openmrs.module.metadatasharing.Item id="385" uuid="7e7b4bc5-be9b-473b-861b-098c6559d831">
      <id>2324</id>
      <classname>org.openmrs.api.db.SerializedObject</classname>
      <dateChanged id="386">2017-05-07 22:25:25</dateChanged>
      <retired>false</retired>
    </org.openmrs.module.metadatasharing.Item>
    <org.openmrs.module.metadatasharing.Item id="387" uuid="bb2d664f-3869-4e6a-93b5-0f530f390f7b">
      <id>2282</id>
      <classname>org.openmrs.api.db.SerializedObject</classname>
      <dateChanged id="388">2017-05-10 17:05:56</dateChanged>
      <retired>false</retired>
    </org.openmrs.module.metadatasharing.Item>
    <org.openmrs.module.metadatasharing.Item id="389" uuid="21fd936a-575b-47d6-9d86-220577af6749">
      <id>2281</id>
      <classname>org.openmrs.api.db.SerializedObject</classname>
      <dateChanged id="390">2017-05-08 08:13:27</dateChanged>
      <retired>false</retired>
    </org.openmrs.module.metadatasharing.Item>
    <org.openmrs.module.metadatasharing.Item id="391" uuid="b706be52-378b-4e2e-951b-dbb50b7004b1">
      <id>2325</id>
      <classname>org.openmrs.api.db.SerializedObject</classname>
      <dateChanged id="392">2017-05-07 23:06:03</dateChanged>
      <retired>false</retired>
    </org.openmrs.module.metadatasharing.Item>
    <org.openmrs.module.metadatasharing.Item id="393" uuid="09bc9372-c306-4179-aab0-ba37d0db611d">
      <id>2283</id>
      <classname>org.openmrs.api.db.SerializedObject</classname>
      <dateChanged id="394">2017-05-08 08:13:27</dateChanged>
      <retired>false</retired>
    </org.openmrs.module.metadatasharing.Item>
    <org.openmrs.module.metadatasharing.Item id="395" uuid="4d8eba53-dc41-4610-a252-1406f6799066">
      <id>2378</id>
      <classname>org.openmrs.api.db.SerializedObject</classname>
      <dateChanged id="396">2017-05-16 08:11:45</dateChanged>
      <retired>false</retired>
    </org.openmrs.module.metadatasharing.Item>
    <org.openmrs.module.metadatasharing.Item id="397" uuid="fdfcdd29-1b47-440b-80b2-016ae3b2c9d5">
      <id>2285</id>
      <classname>org.openmrs.api.db.SerializedObject</classname>
      <dateChanged id="398">2017-05-11 12:49:21</dateChanged>
      <retired>false</retired>
    </org.openmrs.module.metadatasharing.Item>
    <org.openmrs.module.metadatasharing.Item id="399" uuid="9bbf3525-5152-46df-8803-d06d5646a312">
      <id>2284</id>
      <classname>org.openmrs.api.db.SerializedObject</classname>
      <dateChanged id="400">2016-02-24 07:17:58</dateChanged>
      <retired>false</retired>
    </org.openmrs.module.metadatasharing.Item>
    <org.openmrs.module.metadatasharing.Item id="401" uuid="a691878d-309a-4a0b-8bde-388960831d96">
      <id>2286</id>
      <classname>org.openmrs.api.db.SerializedObject</classname>
      <dateChanged id="402">2017-05-10 16:57:55</dateChanged>
      <retired>false</retired>
    </org.openmrs.module.metadatasharing.Item>
    <org.openmrs.module.metadatasharing.Item id="403" uuid="9e8f0945-35d4-43d5-93bb-57321a896b36">
      <id>2288</id>
      <classname>org.openmrs.api.db.SerializedObject</classname>
      <dateChanged id="404">2017-05-12 09:55:18</dateChanged>
      <retired>false</retired>
    </org.openmrs.module.metadatasharing.Item>
    <org.openmrs.module.metadatasharing.Item id="405" uuid="6a2b44ef-510c-4c1a-8042-f95c1dc22be4">
      <id>2353</id>
      <classname>org.openmrs.api.db.SerializedObject</classname>
      <dateChanged id="406">2017-05-10 18:02:29</dateChanged>
      <retired>false</retired>
    </org.openmrs.module.metadatasharing.Item>
    <org.openmrs.module.metadatasharing.Item id="407" uuid="a4a27fab-f6a1-4639-8b6f-e693f53a21b6">
      <id>2357</id>
      <classname>org.openmrs.api.db.SerializedObject</classname>
      <dateChanged id="408">2017-05-11 09:27:13</dateChanged>
      <retired>false</retired>
    </org.openmrs.module.metadatasharing.Item>
    <org.openmrs.module.metadatasharing.Item id="409" uuid="bf26a934-5801-4ded-8aaf-93e3eda052ab">
      <id>2292</id>
      <classname>org.openmrs.api.db.SerializedObject</classname>
      <dateChanged id="410">2017-05-08 08:13:27</dateChanged>
      <retired>false</retired>
    </org.openmrs.module.metadatasharing.Item>
    <org.openmrs.module.metadatasharing.Item id="411" uuid="defdc00b-d781-473c-a26e-908bc648bf3c">
      <id>2391</id>
      <classname>org.openmrs.api.db.SerializedObject</classname>
      <dateChanged id="412">2017-05-16 09:57:47</dateChanged>
      <retired>false</retired>
    </org.openmrs.module.metadatasharing.Item>
    <org.openmrs.module.metadatasharing.Item id="413" uuid="3b79b684-97fd-4cf6-bbe9-ac158c26c32b">
      <id>2293</id>
      <classname>org.openmrs.api.db.SerializedObject</classname>
      <dateChanged id="414">2017-05-08 08:13:27</dateChanged>
      <retired>false</retired>
    </org.openmrs.module.metadatasharing.Item>
    <org.openmrs.module.metadatasharing.Item id="415" uuid="0b3b39ca-57c3-4137-920b-6d2408a24b79">
      <id>2294</id>
      <classname>org.openmrs.api.db.SerializedObject</classname>
      <dateChanged id="416">2017-05-08 08:13:27</dateChanged>
      <retired>false</retired>
    </org.openmrs.module.metadatasharing.Item>
    <org.openmrs.module.metadatasharing.Item id="417" uuid="7e8a3856-7866-429e-aa42-ed80c538760d">
      <id>2338</id>
      <classname>org.openmrs.api.db.SerializedObject</classname>
      <dateChanged id="418">2017-05-10 13:03:42</dateChanged>
      <retired>false</retired>
    </org.openmrs.module.metadatasharing.Item>
    <org.openmrs.module.metadatasharing.Item id="419" uuid="ab6704d7-ca5f-458d-a729-ac8d0cca25b4">
      <id>2295</id>
      <classname>org.openmrs.api.db.SerializedObject</classname>
      <dateChanged id="420">2017-05-08 08:13:27</dateChanged>
      <retired>false</retired>
    </org.openmrs.module.metadatasharing.Item>
    <org.openmrs.module.metadatasharing.Item id="421" uuid="d3983649-45ec-4c10-b35f-4b00b9842fa4">
      <id>2297</id>
      <classname>org.openmrs.api.db.SerializedObject</classname>
      <dateChanged id="422">2017-05-08 08:13:27</dateChanged>
      <retired>false</retired>
    </org.openmrs.module.metadatasharing.Item>
    <org.openmrs.module.metadatasharing.Item id="423" uuid="9bc4330b-5e04-4db3-b218-a5a240712729">
      <id>2298</id>
      <classname>org.openmrs.api.db.SerializedObject</classname>
      <dateChanged id="424">2017-05-08 08:13:27</dateChanged>
      <retired>false</retired>
    </org.openmrs.module.metadatasharing.Item>
    <org.openmrs.module.metadatasharing.Item id="425" uuid="eaa571a4-e3dc-4483-94b2-0e644cba7b72">
      <id>2342</id>
      <classname>org.openmrs.api.db.SerializedObject</classname>
      <dateChanged id="426">2017-05-10 13:46:43</dateChanged>
      <retired>false</retired>
    </org.openmrs.module.metadatasharing.Item>
    <org.openmrs.module.metadatasharing.Item id="427" uuid="ae7d32b2-8141-47f8-8744-9a66e1b59db8">
      <id>2299</id>
      <classname>org.openmrs.api.db.SerializedObject</classname>
      <dateChanged id="428">2017-05-11 12:31:19</dateChanged>
      <retired>false</retired>
    </org.openmrs.module.metadatasharing.Item>
    <org.openmrs.module.metadatasharing.Item id="429" uuid="7cf0f9d0-daf0-451e-8750-ff9162b86e46">
      <id>2300</id>
      <classname>org.openmrs.api.db.SerializedObject</classname>
      <dateChanged id="430">2017-05-12 08:16:10</dateChanged>
      <retired>false</retired>
    </org.openmrs.module.metadatasharing.Item>
    <org.openmrs.module.metadatasharing.Item id="431" uuid="b1748b39-b27b-43ae-b92d-bcdea766c81f">
      <id>2301</id>
      <classname>org.openmrs.api.db.SerializedObject</classname>
      <dateChanged id="432">2017-05-10 17:45:12</dateChanged>
      <retired>false</retired>
    </org.openmrs.module.metadatasharing.Item>
    <org.openmrs.module.metadatasharing.Item id="433" uuid="5aaa2bfb-60ff-404e-981b-0fe7f8ef81a5">
      <id>2329</id>
      <classname>org.openmrs.api.db.SerializedObject</classname>
      <dateChanged id="434">2017-05-07 22:40:40</dateChanged>
      <retired>false</retired>
    </org.openmrs.module.metadatasharing.Item>
    <org.openmrs.module.metadatasharing.Item id="435" uuid="7064366d-e6a3-4804-9e3b-3dd26d7282e5">
      <id>2333</id>
      <classname>org.openmrs.api.db.SerializedObject</classname>
      <dateChanged id="436">2017-05-07 22:38:25</dateChanged>
      <retired>false</retired>
    </org.openmrs.module.metadatasharing.Item>
    <org.openmrs.module.metadatasharing.Item id="437" uuid="9219c4ac-e243-4d75-a809-bc0c271354fe">
      <id>2302</id>
      <classname>org.openmrs.api.db.SerializedObject</classname>
      <dateChanged id="438">2017-05-08 08:13:27</dateChanged>
      <retired>false</retired>
    </org.openmrs.module.metadatasharing.Item>
    <org.openmrs.module.metadatasharing.Item id="439" uuid="33587439-afb7-458a-ad0c-d989ee4b034d">
      <id>2399</id>
      <classname>org.openmrs.api.db.SerializedObject</classname>
      <dateChanged id="440">2017-05-16 11:04:14</dateChanged>
      <retired>false</retired>
    </org.openmrs.module.metadatasharing.Item>
    <org.openmrs.module.metadatasharing.Item id="441" uuid="95bc8ccb-3e18-4398-b706-0abf9a7e3a42">
      <id>2319</id>
      <classname>org.openmrs.api.db.SerializedObject</classname>
      <dateChanged id="442">2017-05-07 22:48:25</dateChanged>
      <retired>false</retired>
    </org.openmrs.module.metadatasharing.Item>
    <org.openmrs.module.metadatasharing.Item id="443" uuid="2a2c46e2-ebe8-41fe-8a04-9c1855b7ad6d">
      <id>2303</id>
      <classname>org.openmrs.api.db.SerializedObject</classname>
      <dateChanged id="444">2017-05-11 09:56:46</dateChanged>
      <retired>false</retired>
    </org.openmrs.module.metadatasharing.Item>
    <org.openmrs.module.metadatasharing.Item id="445" uuid="41b91ebb-d613-4902-9796-755631ecd43e">
      <id>2388</id>
      <classname>org.openmrs.api.db.SerializedObject</classname>
      <dateChanged id="446">2017-05-16 09:34:58</dateChanged>
      <retired>false</retired>
    </org.openmrs.module.metadatasharing.Item>
    <org.openmrs.module.metadatasharing.Item id="447" uuid="8396ed60-89d0-46b6-bae2-787f983cabfd">
      <id>2394</id>
      <classname>org.openmrs.api.db.SerializedObject</classname>
      <dateChanged id="448">2017-05-16 10:13:57</dateChanged>
      <retired>false</retired>
    </org.openmrs.module.metadatasharing.Item>
    <org.openmrs.module.metadatasharing.Item id="449" uuid="594908f7-0902-447e-91b0-367b6f1ed0c0">
      <id>2306</id>
      <classname>org.openmrs.api.db.SerializedObject</classname>
      <dateChanged id="450">2017-05-08 08:13:27</dateChanged>
      <retired>false</retired>
    </org.openmrs.module.metadatasharing.Item>
    <org.openmrs.module.metadatasharing.Item id="451" uuid="4d1a2691-3ac0-4e46-b531-262212d27cc4">
      <id>2309</id>
      <classname>org.openmrs.api.db.SerializedObject</classname>
      <dateChanged id="452">2017-05-08 08:13:27</dateChanged>
      <retired>false</retired>
    </org.openmrs.module.metadatasharing.Item>
    <org.openmrs.module.metadatasharing.Item id="453" uuid="e9eefbe2-7a6d-4f0d-bfa6-60776f77ee2e">
      <id>2377</id>
      <classname>org.openmrs.api.db.SerializedObject</classname>
      <dateChanged id="454">2017-05-16 08:16:41</dateChanged>
      <retired>false</retired>
    </org.openmrs.module.metadatasharing.Item>
    <org.openmrs.module.metadatasharing.Item id="455" uuid="a10f7d2c-78ee-4d03-880c-bdc0fb72e8e9">
      <id>2401</id>
      <classname>org.openmrs.api.db.SerializedObject</classname>
      <dateChanged id="456">2017-05-16 11:24:17</dateChanged>
      <retired>false</retired>
    </org.openmrs.module.metadatasharing.Item>
    <org.openmrs.module.metadatasharing.Item id="457" uuid="41a0839b-4272-44d7-8787-0db18afeeb2c">
      <id>2310</id>
      <classname>org.openmrs.api.db.SerializedObject</classname>
      <dateChanged id="458">2017-05-11 11:08:58</dateChanged>
      <retired>false</retired>
    </org.openmrs.module.metadatasharing.Item>
    <org.openmrs.module.metadatasharing.Item id="459" uuid="a306a011-c44c-440c-9d1e-f49931a26f47">
      <id>2311</id>
      <classname>org.openmrs.api.db.SerializedObject</classname>
      <dateChanged id="460">2017-05-08 08:13:27</dateChanged>
      <retired>false</retired>
    </org.openmrs.module.metadatasharing.Item>
    <org.openmrs.module.metadatasharing.Item id="461" uuid="205f2d46-c608-4265-adf2-96fe5765c4fa">
      <id>145</id>
      <classname>org.openmrs.api.db.SerializedObject</classname>
      <dateChanged id="462">2012-05-11 08:01:46</dateChanged>
      <retired>false</retired>
    </org.openmrs.module.metadatasharing.Item>
    <org.openmrs.module.metadatasharing.Item id="463" uuid="90be2bac-1ede-4eef-970d-f70c7dd0723f">
      <id>2381</id>
      <classname>org.openmrs.api.db.SerializedObject</classname>
      <dateChanged id="464">2017-05-16 08:53:12</dateChanged>
      <retired>false</retired>
    </org.openmrs.module.metadatasharing.Item>
    <org.openmrs.module.metadatasharing.Item id="465" uuid="9b850536-62b8-4585-83c3-acc61f0b1d72">
      <id>2322</id>
      <classname>org.openmrs.api.db.SerializedObject</classname>
      <dateChanged id="466">2017-05-07 22:29:50</dateChanged>
      <retired>false</retired>
    </org.openmrs.module.metadatasharing.Item>
    <org.openmrs.module.metadatasharing.Item id="467" uuid="1ead56e6-ecda-4a3c-ad59-04461d0bcf46">
      <id>2312</id>
      <classname>org.openmrs.api.db.SerializedObject</classname>
      <dateChanged id="468">2017-05-11 11:56:34</dateChanged>
      <retired>false</retired>
    </org.openmrs.module.metadatasharing.Item>
    <org.openmrs.module.metadatasharing.Item id="469" uuid="1791ec62-eeed-4100-ab3e-e05f68ca8eff">
      <id>2400</id>
      <classname>org.openmrs.api.db.SerializedObject</classname>
      <dateChanged id="470">2017-05-16 11:04:36</dateChanged>
      <retired>false</retired>
    </org.openmrs.module.metadatasharing.Item>
    <org.openmrs.module.metadatasharing.Item id="471" uuid="c25bf2aa-ffca-4896-9028-083f3c0851e5">
      <id>2313</id>
      <classname>org.openmrs.api.db.SerializedObject</classname>
      <dateChanged id="472">2017-05-08 08:13:27</dateChanged>
      <retired>false</retired>
    </org.openmrs.module.metadatasharing.Item>
    <org.openmrs.module.metadatasharing.Item id="473" uuid="2d27e23b-c8e3-4252-84e3-80ff03447f0d">
      <id>2315</id>
      <classname>org.openmrs.api.db.SerializedObject</classname>
      <dateChanged id="474">2017-05-08 08:13:27</dateChanged>
      <retired>false</retired>
    </org.openmrs.module.metadatasharing.Item>
    <org.openmrs.module.metadatasharing.Item id="475" uuid="bdadbce8-81c7-4870-9126-07ff5976b72c">
      <id>2332</id>
      <classname>org.openmrs.api.db.SerializedObject</classname>
      <dateChanged id="476">2017-05-07 23:04:13</dateChanged>
      <retired>false</retired>
    </org.openmrs.module.metadatasharing.Item>
    <org.openmrs.module.metadatasharing.Item id="477" uuid="0faecb00-db6b-4f00-9084-889a8ff165b7">
      <id>95</id>
      <classname>org.openmrs.module.reporting.report.ReportDesign</classname>
      <dateChanged id="478">2017-05-08 08:13:27</dateChanged>
      <retired>false</retired>
    </org.openmrs.module.metadatasharing.Item>
    <org.openmrs.module.metadatasharing.Item id="479" uuid="0855f685-d97f-4cac-b115-0c090e141984">
      <id>96</id>
      <classname>org.openmrs.module.reporting.report.ReportDesign</classname>
      <dateChanged id="480">2017-05-08 08:13:27</dateChanged>
      <retired>false</retired>
    </org.openmrs.module.metadatasharing.Item>
    <org.openmrs.module.metadatasharing.Item id="481" uuid="74da21fc-45a4-45cc-93ca-0f7578d9fec4">
      <id>93</id>
      <classname>org.openmrs.module.reporting.report.ReportDesignResource</classname>
      <dateChanged id="482">2016-09-05 12:04:44</dateChanged>
      <retired>false</retired>
    </org.openmrs.module.metadatasharing.Item>
    <org.openmrs.module.metadatasharing.Item id="483" uuid="773729f3-aead-4673-af56-5b3512dbd5b1">
      <id>91</id>
      <classname>org.openmrs.module.reporting.report.ReportDesignResource</classname>
      <dateChanged id="484">2017-05-17 08:19:42</dateChanged>
      <retired>false</retired>
    </org.openmrs.module.metadatasharing.Item>
  </items>
  <relatedItems class="linked-hash-set" id="485">
    <org.openmrs.module.metadatasharing.Item id="486" uuid="a481356d-cd8a-4e61-a774-64ca438d62fa">
      <id>2226</id>
      <classname>org.openmrs.module.reporting.report.definition.PeriodIndicatorReportDefinition</classname>
      <dateChanged id="487">2016-02-15 08:07:46</dateChanged>
      <retired>false</retired>
    </org.openmrs.module.metadatasharing.Item>
    <org.openmrs.module.metadatasharing.Item id="488" uuid="89f073d6-a30e-4b57-8cd5-12bc630f4c41">
      <id>90</id>
      <classname>org.openmrs.module.reporting.report.ReportDesignResource</classname>
      <dateChanged id="489">2017-05-08 08:13:27</dateChanged>
      <retired>false</retired>
    </org.openmrs.module.metadatasharing.Item>
    <org.openmrs.module.metadatasharing.Item id="490" uuid="7b81d1b9-257d-4046-acf0-7a2cbc17d244">
      <id>2222</id>
      <classname>org.openmrs.module.reporting.report.definition.PeriodIndicatorReportDefinition</classname>
      <dateChanged id="491">2016-02-08 13:24:29</dateChanged>
      <retired>false</retired>
    </org.openmrs.module.metadatasharing.Item>
    <org.openmrs.module.metadatasharing.Item id="492" uuid="7e0e5e87-bc95-4f85-8383-31e13e31c360">
      <id>98</id>
      <classname>org.openmrs.module.reporting.report.ReportDesign</classname>
      <dateChanged id="493">2016-09-05 12:04:44</dateChanged>
      <retired>false</retired>
    </org.openmrs.module.metadatasharing.Item>
  </relatedItems>
  <incrementalVersion>false</incrementalVersion>
</package>
